-- MariaDB dump 10.17  Distrib 10.4.11-MariaDB, for Win64 (AMD64)
--
-- Host: localhost    Database: puntoventa
-- ------------------------------------------------------
-- Server version	10.4.11-MariaDB

/*!40101 SET @OLD_CHARACTER_SET_CLIENT=@@CHARACTER_SET_CLIENT */;
/*!40101 SET @OLD_CHARACTER_SET_RESULTS=@@CHARACTER_SET_RESULTS */;
/*!40101 SET @OLD_COLLATION_CONNECTION=@@COLLATION_CONNECTION */;
/*!40101 SET NAMES utf8mb4 */;
/*!40103 SET @OLD_TIME_ZONE=@@TIME_ZONE */;
/*!40103 SET TIME_ZONE='+00:00' */;
/*!40014 SET @OLD_UNIQUE_CHECKS=@@UNIQUE_CHECKS, UNIQUE_CHECKS=0 */;
/*!40014 SET @OLD_FOREIGN_KEY_CHECKS=@@FOREIGN_KEY_CHECKS, FOREIGN_KEY_CHECKS=0 */;
/*!40101 SET @OLD_SQL_MODE=@@SQL_MODE, SQL_MODE='NO_AUTO_VALUE_ON_ZERO' */;
/*!40111 SET @OLD_SQL_NOTES=@@SQL_NOTES, SQL_NOTES=0 */;

--
-- Table structure for table `categoria`
--

DROP TABLE IF EXISTS `categoria`;
/*!40101 SET @saved_cs_client     = @@character_set_client */;
/*!40101 SET character_set_client = utf8 */;
CREATE TABLE `categoria` (
  `id_categoria` varchar(50) NOT NULL,
  PRIMARY KEY (`id_categoria`)
) ENGINE=InnoDB DEFAULT CHARSET=latin1;
/*!40101 SET character_set_client = @saved_cs_client */;

--
-- Dumping data for table `categoria`
--

LOCK TABLES `categoria` WRITE;
/*!40000 ALTER TABLE `categoria` DISABLE KEYS */;
INSERT INTO `categoria` (`id_categoria`) VALUES ('AGRANEL'),('INDEFINIDO'),('SERVICIO'),('UNITARIO');
/*!40000 ALTER TABLE `categoria` ENABLE KEYS */;
UNLOCK TABLES;

--
-- Table structure for table `configuracion`
--

DROP TABLE IF EXISTS `configuracion`;
/*!40101 SET @saved_cs_client     = @@character_set_client */;
/*!40101 SET character_set_client = utf8 */;
CREATE TABLE `configuracion` (
  `id_config` int(11) NOT NULL AUTO_INCREMENT,
  `tarjeta_config` varchar(10) CHARACTER SET latin1 NOT NULL,
  `respaldo_config` varchar(100) NOT NULL,
  `notas_config` varchar(100) NOT NULL,
  `reportes_config` varchar(100) NOT NULL,
  `sesion_config` varchar(15) NOT NULL,
  PRIMARY KEY (`id_config`)
) ENGINE=InnoDB AUTO_INCREMENT=2 DEFAULT CHARSET=utf8mb4;
/*!40101 SET character_set_client = @saved_cs_client */;

--
-- Dumping data for table `configuracion`
--

LOCK TABLES `configuracion` WRITE;
/*!40000 ALTER TABLE `configuracion` DISABLE KEYS */;
INSERT INTO `configuracion` (`id_config`, `tarjeta_config`, `respaldo_config`, `notas_config`, `reportes_config`, `sesion_config`) VALUES (1,'3.5','C:/Users/CARLOS/Downloads','C:/Users/DELL/Dropbox/NotasPDF','C:/Users/DELL/Dropbox/ReportesUsuario','ADMINISTRADOR');
/*!40000 ALTER TABLE `configuracion` ENABLE KEYS */;
UNLOCK TABLES;

--
-- Table structure for table `notas`
--

DROP TABLE IF EXISTS `notas`;
/*!40101 SET @saved_cs_client     = @@character_set_client */;
/*!40101 SET character_set_client = utf8 */;
CREATE TABLE `notas` (
  `id_nota` int(11) NOT NULL AUTO_INCREMENT,
  `fecha_nota` varchar(50) NOT NULL,
  PRIMARY KEY (`id_nota`)
) ENGINE=InnoDB AUTO_INCREMENT=18 DEFAULT CHARSET=utf8mb4;
/*!40101 SET character_set_client = @saved_cs_client */;

--
-- Dumping data for table `notas`
--

LOCK TABLES `notas` WRITE;
/*!40000 ALTER TABLE `notas` DISABLE KEYS */;
INSERT INTO `notas` (`id_nota`, `fecha_nota`) VALUES (4,'13 de mayo del 2020'),(5,'14 de mayo del 2020'),(6,'15 de mayo del 2020'),(7,'16 de mayo del 2020'),(8,'17 de mayo del 2020'),(9,'18 de mayo del 2020'),(10,'19 de mayo del 2020'),(11,'20 de mayo del 2020'),(12,'21 de mayo del 2020'),(13,'23 de mayo del 2020'),(14,'25 de mayo del 2020'),(15,'26 de mayo del 2020'),(16,'28 de mayo del 2020'),(17,'07 de junio del 2020');
/*!40000 ALTER TABLE `notas` ENABLE KEYS */;
UNLOCK TABLES;

--
-- Table structure for table `producto`
--

DROP TABLE IF EXISTS `producto`;
/*!40101 SET @saved_cs_client     = @@character_set_client */;
/*!40101 SET character_set_client = utf8 */;
CREATE TABLE `producto` (
  `id_producto` varchar(16) NOT NULL,
  `disponibilidad_producto` varchar(5) NOT NULL,
  `nombre_producto` varchar(50) NOT NULL,
  `precio_producto` varchar(11) NOT NULL,
  `categoria_producto` varchar(50) NOT NULL DEFAULT '',
  `stock_producto` varchar(3) NOT NULL,
  `fecha_producto` varchar(8) NOT NULL DEFAULT '00000000',
  PRIMARY KEY (`id_producto`)
) ENGINE=InnoDB DEFAULT CHARSET=latin1;
/*!40101 SET character_set_client = @saved_cs_client */;

--
-- Dumping data for table `producto`
--

LOCK TABLES `producto` WRITE;
/*!40000 ALTER TABLE `producto` DISABLE KEYS */;
INSERT INTO `producto` (`id_producto`, `disponibilidad_producto`, `nombre_producto`, `precio_producto`, `categoria_producto`, `stock_producto`, `fecha_producto`) VALUES ('0100955278187505','0','0100955278187505','1.00','UNITARIO','0','00000000'),('0112004994202681','0','CHOCO CHOCO 25G','4.00','UNITARIO','0','00000000'),('0124088873235149','0','MERTODOL TINTURA 40ML','13.50','UNITARIO','0','00000000'),('02201302','0','CHICLES ORBIT FRESA 5,3G','2.00','UNITARIO','0','00000000'),('02261003','0','CHICLE ORBIT HIERBABUENA','2.00','UNITARIO','0','00000000'),('025046150137','0','BOCADIN 10,5G ','2.00','UNITARIO','0','00000000'),('041333428482','29','DURACELL AAA','16.00','UNITARIO','3','00000000'),('041333666426','1','DURACELL AA','14.00','UNITARIO','0','00000000'),('070330617278','0','ENCENDEDOR BIC G','17.00','UNITARIO','0','00000000'),('070330617285','0','ENCENDEDOR BIC CH','13.00','UNITARIO','0','00000000'),('070330717534','0','COMFORT3 BIC ADVANCE','16.00','UNITARIO','0','00000000'),('070330727717','0','COMFORT3 WOMEN BIC','16.00','UNITARIO','0','00000000'),('08346917','0','PALL MALL BLANCO 20','55.00','UNITARIO','0','00000000'),('1 KG TORTILLA','0','1 KG TORTILLA DE MANO','20.00','UNITARIO','0','00000000'),('1/2 TORTILLA','0','1/2 TORTILLA DE MANO','10.00','UNITARIO','0','00000000'),('1175039875','0','PALL MALL BLANCO 14','42.00','UNITARIO','0','00000000'),('1234567','0','NombreProducto','000','UNITARIO','0','00000000'),('12388000312','0','LIRIO JABON DERMA 150G','12.00','UNITARIO','0','00000000'),('12388000633','0','LIRIO BARRA BLAN 400G','16.00','UNITARIO','0','00000000'),('12388000640','0','LIRIO BARRA ROSA 400G','14.00','UNITARIO','0','00000000'),('12388000961','0','LIRIO JABON DERMA 200G','14.00','UNITARIO','0','00000000'),('12388000978','0','LIRIO JABON NEUT 200G','14.00','UNITARIO','0','00000000'),('12388002835','0','LIRIO JABON SPA 150G','13.00','UNITARIO','0','00000000'),('12388002880','0','LIRIO JABON SPA 120G','13.00','UNITARIO','0','00000000'),('12388002910','0','LIRIO JABON MIEL 150G','13.00','UNITARIO','0','00000000'),('12388002958','0','LIRIO JABON ANTI B 150G','13.00','UNITARIO','0','00000000'),('12388003030','0','UTIL POLV 250G','7.00','UNITARIO','0','00000000'),('12388003047','0','UTIL POLV 500G','13.00','UNITARIO','0','00000000'),('12388003078','0','UTIL POLV 1KG','25.00','UNITARIO','0','00000000'),('12388003405','0','BOLD3 BARRA BLAN 400G','16.00','UNITARIO','0','00000000'),('12388003412','0','BOLD3 BARRA ROSA 400G','16.00','UNITARIO','0','00000000'),('127501025403607','0','PINOL ATOMIZA 650ML','40.00','UNITARIO','0','00000000'),('12957100016','0','HUICHOL 190ML','12.50','UNITARIO','0','00000000'),('13117000689','0','BBTIPS PAÑAL CHI 40PZ','126.00','UNITARIO','0','00000000'),('13117000696','0','BBTIPS PAÑAL M 40PZ','151.00','UNITARIO','0','00000000'),('13117000702','0','BBTIPS PAÑAL G 40PZ','168.00','UNITARIO','0','00000000'),('13117000719','0','BBTIPS PAÑL EXG 40PZ','199.00','UNITARIO','0','00000000'),('13117011173','0','CHICO LAS. M 40PZ','108.00','UNITARIO','0','00000000'),('13117011180','0','CHICO LAS. G 40PZ','119.00','UNITARIO','0','00000000'),('13117011753','0','CHICO LAS. EXG 40PZ','156.00','UNITARIO','0','00000000'),('13117012194','0','CHICO LAS. CH 40PZ','92.00','UNITARIO','0','00000000'),('13117012682','0','CHICO LAS. ETP1  14PZ','31.00','UNITARIO','0','00000000'),('13117016260','0','AFFEC. PAÑAL M PRO 10PZ','80.00','UNITARIO','0','00000000'),('13117016314','0','AFFEC. PAÑAL G 10PZ','92.00','UNITARIO','0','00000000'),('13117016338','0','AFFEC. PAÑAL M ADV 10PZ','91.00','UNITARIO','0','00000000'),('14800515312','0','CLAMATO 296ML','13.00','UNITARIO','0','00000000'),('14800515329','0','CLAMATO 473ML','18.00','UNITARIO','0','00000000'),('14800515336','0','CLAMATO 946ML','33.00','UNITARIO','0','00000000'),('16000490970','0','BETTY C 432G','31.50','UNITARIO','0','00000000'),('24142012134','0','CREMENA ATOLE 47G','5.00','UNITARIO','0','00000000'),('24142012141','0',' CREMENA ATOLE 47G','5.00','UNITARIO','0','00000000'),('24142012158','0',' CREMENA ATOLE 47G','5.00','UNITARIO','0','00000000'),('24142012332','0',' CREMENA ATOLE 47G','5.00','UNITARIO','0','00000000'),('24142020009','0','TOMMYS 100PZ','66.00','UNITARIO','0','00000000'),('24142020030','0','DAMY PAQ 100PZ','66.00','UNITARIO','0','00000000'),('24142020085','0','RICOS BSOS 100PZ','66.00','UNITARIO','0','00000000'),('2548055310227','0','COCA COLA 2.5L R','25.00','UNITARIO','0','00000000'),('27501055305612','0','SPRITE 500ML.','10.00','UNITARIO','0','00000000'),('3014260019723','0','ORAL B KIDS CEPILLO ','19.00','UNITARIO','0','00000000'),('3014260846725','0','ORALB PRO COMPACT','12.00','UNITARIO','0','00000000'),('30835405770','0','BELL TRAMPA RATA','10.00','UNITARIO','0','00000000'),('3086123397835','0','ENCENDEDOR BIC MINI ','13.00','UNITARIO','0','00000000'),('3086123397859','0','ENCENDEDOR BIC MAXI ','17.00','UNITARIO','0','00000000'),('32239052017','0','VALLE BOTE 413ML','13.00','UNITARIO','0','00000000'),('32239052024','0','VALLE BOTE 413ML','13.00','UNITARIO','0','00000000'),('32239052147','0','VALLE BOTE 413ML','13.00','UNITARIO','0','00000000'),('34587090192','0','LA FINA SAL 250G','00.00','UNITARIO','0','00000000'),('3510102002040','0','SM. SAZONA CARN 130G','14.00','UNITARIO','0','00000000'),('3510102002682','0','SG. ABLANDA CA 150G','13.00','UNITARIO','0','00000000'),('354312225140','0','VITACILINA .350G','22.00','UNITARIO','0','00000000'),('354312225164','0','VITACILINA BEBE 50G ','41.50','UNITARIO','0','00000000'),('36731106018','0','GATORADE CPN 600ML','19.00','UNITARIO','0','00000000'),('36731106032','0','GATORADE CPN 600ML','19.00','UNITARIO','0','00000000'),('36731321008','0','GATORADE CPN 1L','25.00','UNITARIO','0','00000000'),('36731501004','0','GATORADE TP 500ML','16.00','UNITARIO','0','00000000'),('36731503008','0','GATORADE TP 500ML','16.00','UNITARIO','0','00000000'),('37836040252','0','ROSOTOS DE ORO ARGAN 250ML','38.00','UNITARIO','0','00000000'),('382906713018','0','JERINGA INSULINA 50ML','5.00','UNITARIO','0','00000000'),('38629002068','0','MARIANITAS COCO 185G','9.00','UNITARIO','0','00000000'),('38629002075','0','MARIANITAS NARAN 185G','9.00','UNITARIO','0','00000000'),('4005808719242','0','NIVEA AERRO 150ML','48.00','UNITARIO','0','00000000'),('4005808802005','0','NIVEA MILK CREMA 125G ','28.00','UNITARIO','0','00000000'),('4005808802814','0','NIVEA CREMA SOFT 125ML','28.00','UNITARIO','0','00000000'),('4005808803002','0','CREMA NIV EXPRESS 125G ','28.00','UNITARIO','0','00000000'),('4005900036711','0','NIVEA AERRO 150ML','48.00','UNITARIO','0','00000000'),('4005900515872','0','NIVEA AERRO 150ML','48.00','UNITARIO','0','00000000'),('41390000508','0','KIKOMN. SAL SOYA 148ML','33.50','UNITARIO','0','00000000'),('41594206232','0','DART VASOTER#12 25PZ','12.00','UNITARIO','0','00000000'),('41594206249','0','DART VASOTER#14 20PZ','14.00','UNITARIO','0','00000000'),('41594206270','0','DART VASOTERM#32 15PZ','19.00','UNITARIO','0','00000000'),('41594206331','0','DART ENVATER#16 25PZ','19.00','UNITARIO','0','00000000'),('41594206607','0','DART VASOTER#10 25PZ','10.00','UNITARIO','0','00000000'),('41594231173','0','DART VASOTER#8 25PZ','8.50','UNITARIO','0','00000000'),('41594516645','0','DART ENVATER#60 10PZ','24.00','UNITARIO','0','00000000'),('41789001864','0','MARUCHAN LIMON Y CHI','13.00','UNITARIO','0','00000000'),('41789001918','0','MARUCHAN POLLO ','13.00','UNITARIO','0','00000000'),('41789001987','0','MARUCHAN CAMA Y CHI ','13.00','UNITARIO','0','00000000'),('42210788','1','NIVEA CREMA MILK 75G ','17.00','UNITARIO','0','00000000'),('42332862','0','NIVEA BARRA HOMBRE 50 GS ','48.00','UNITARIO','0','00000000'),('42332886','0','NIVEA DESO HOMBRE 50GS','48.00','UNITARIO','0','00000000'),('42332909','0','NIVEA DESO MUJER 50GS','48.00','UNITARIO','0','00000000'),('42332930','0','NIVEA DESO MUJER 50GS','48.00','UNITARIO','0','00000000'),('42332947','0','NIVEA DESO MUJER 50GS','48.00','UNITARIO','0','00000000'),('42743230511','0','EL MX. MAIZ BLAN 3KG','52.00','UNITARIO','0','00000000'),('42743230528','0','EL MX. MAIZ BLAN 460G','17.00','UNITARIO','0','00000000'),('49209130019','0','L EXTRA. ACHIOT 100G','12.00','UNITARIO','0','00000000'),('5000267165240','0','RED LABEL.200ML','81.00','UNITARIO','0','00000000'),('5000299210208','0','PASSPORT 200ML','52.00','UNITARIO','0','00000000'),('50196838','0','BLACK .220ML','52.00','UNITARIO','0','00000000'),('52100737232','0','MC CO. TE TILA 25PZ','19.50','UNITARIO','0','00000000'),('52100737256','0','MC CO. TE VERDE 25PZ','26.00','UNITARIO','0','00000000'),('56100024798','0','ALWAYS NOCHE 8PZ','28.00','UNITARIO','0','00000000'),('56100663546','0','ALWAYS PROT TO. 16PZ','26.00','UNITARIO','0','00000000'),('58897091205','0','CORINA PIÑA 800G','41.00','UNITARIO','0','00000000'),('58897091304','0','CORINA ELETE 225G','9.00','UNITARIO','0','00000000'),('58897091342','0','CORINA CHICHAROS 225G','8.00','UNITARIO','0','00000000'),('58897091359','0','CORINA VERDURA 215G','8.00','UNITARIO','0','00000000'),('58897091366','0','CORINA PIMIENTO M 225G','13.00','UNITARIO','0','00000000'),('58897093735','0','CORINA MERMELADA 170G','00.00','UNITARIO','0','00000000'),('5901234123457','0','OCOTE FOGATA 150GR','13.00','UNITARIO','0','00000000'),('602499162018','0','VELAD. VASO C AROM','24.00','UNITARIO','0','00000000'),('602499162650','0','VELAD. SANCUDO','14.00','UNITARIO','0','00000000'),('613008738761','0','ARIZONA 680ML','13.00','UNITARIO','0','00000000'),('613008738808','0','ARIZONA 680ML','13.00','UNITARIO','0','00000000'),('613008738822','0','ARIZONA 680ML','13.00','UNITARIO','0','00000000'),('613008738846','0','ARIZONA 680ML','13.00','UNITARIO','0','00000000'),('613008738860','0','ARIZONA 680ML','13.00','UNITARIO','0','00000000'),('613008738884','0','ARIZONA 680ML','13.00','UNITARIO','0','00000000'),('619585004114','0','BBIN. PAÑAL CH 14PZ','36.50','UNITARIO','0','00000000'),('619585004213','0','BEBIN. PAÑAL M 14PZ','41.00','UNITARIO','0','00000000'),('619585004312','0','BEBIN. PAÑAL G 14PZ','46.00','UNITARIO','0','00000000'),('619585004411','0','BEBIN. PAÑAL EXG 14PZ','54.00','UNITARIO','0','00000000'),('619585006118','0','BEBIN. PAÑAL CH 40PZ','96.00','UNITARIO','0','00000000'),('619585006217','0','BEBIN. PAÑAL M 40PZ','107.00','UNITARIO','0','00000000'),('619585006316','0','BEBIN. PAÑAL G 40PZ','120.00','UNITARIO','0','00000000'),('619585006415','0','BEBIN. PAÑAL EXG 40PZ','133.00','UNITARIO','0','00000000'),('619684002011','0','MONAR. CUCHARA 25PZ','9.50','UNITARIO','0','00000000'),('619684005012','0','MARG. TENEDOR 50PZ','9.00','UNITARIO','0','00000000'),('619684009010','0','MONAR. CUCHARA VIO 25PZ','9.50','UNITARIO','0','00000000'),('619684009027','0','MONAR. TENEDOR VIO 25PZ','9.00','UNITARIO','0','00000000'),('633148100013','0','TAJIN POLVO 142G','26.00','UNITARIO','0','00000000'),('633148100556','0','TAJIN POLVO 400G','52.00','UNITARIO','0','00000000'),('633148211139','0','TAJIN CLASICO 4G ','2.50','UNITARIO','0','00000000'),('633852513147','0','NEGRO CAFÑ 90G','56.00','UNITARIO','0','00000000'),('638478000262','0','CRISTEROS 750 ML ','210.00','UNITARIO','0','00000000'),('638478000408','0','DON RAMON 200ML','120.00','UNITARIO','0','00000000'),('638478000453','0','DON RAMON 750ML','256.00','UNITARIO','0','00000000'),('647541022025','0','CHILERITO CHAMO 355ML','10.00','UNITARIO','0','00000000'),('647541022032','0','CHILERITO CHAMO 1L','20.00','UNITARIO','0','00000000'),('647541022049','0','CHILERITO CHAMO 1.5L','26.00','UNITARIO','0','00000000'),('650240004292','0','ASEPXIA JABON 100G','28.00','UNITARIO','0','00000000'),('650240007408','0','SILKA MEDIC 15G ','51.00','UNITARIO','0','00000000'),('650240007828','0','ASEPXIA JABON 100G','28.00','UNITARIO','0','00000000'),('650240009563','0','ASEPXIA JABON 100G','28.00','UNITARIO','0','00000000'),('650240028588','0','LOMECAN JA 100G','33.00','UNITARIO','0','00000000'),('650240030369','0','LOMECAN SHAM 2OOML','68.00','UNITARIO','0','00000000'),('650240032349','0','GOICOCHEA 400ML','86.00','UNITARIO','0','00000000'),('650240032400','0','LOMECAN SHAM 2OOML','68.00','UNITARIO','0','00000000'),('650240032417','0','LOMECAN SHAM 2OOML','68.00','UNITARIO','0','00000000'),('650240033261','0','TALCO SILKA MEDIC 150G ','56.00','UNITARIO','0','00000000'),('650240039515','0','ASEPXIA JABON 100G','28.00','UNITARIO','0','00000000'),('654654564','0','ACENCIO','100.00','UNITARIO','0','00000000'),('664804000835','0','ESPOLON 750ML ','188.00','UNITARIO','0','00000000'),('67131401120','0','CORINA ELOTE 430G','13.00','UNITARIO','0','00000000'),('67238891190','0','DOVE 135G','20.00','UNITARIO','0','00000000'),('6910021007206','0','CEPILLO DENTAL COLGATE PREMIER','10.00','UNITARIO','0','00000000'),('700083746993','0','VELA. CUBERO','12.00','UNITARIO','0','00000000'),('705105298184','0','VELAD. ECONOMIK','13.00','UNITARIO','0','00000000'),('706460202458','0','M&MS 52PZ','73.00','UNITARIO','0','00000000'),('706460243222','0','M&MS GUATE 6PACK','73.00','UNITARIO','0','00000000'),('706460243239','0','M&MS CHOCO 6PACK','73.00','UNITARIO','0','00000000'),('70662247143','0','CUP NOO. FUEGO ','9.00','UNITARIO','0','00000000'),('70662247198','0','CUP NOO. DRAGON ','9.00','UNITARIO','0','00000000'),('719886211713','0','PELON PELO RICO 30G','6.00','UNITARIO','0','00000000'),('719886211850','0','PELON P. RICO 12PZ','46.00','UNITARIO','0','00000000'),('719886250330','0','PELON PELONETA 21G','6.00','UNITARIO','0','00000000'),('722776000175','0','APLEND. AZUCAR 25PZ','18.50','UNITARIO','0','00000000'),('724869001397','0','MAZAPAN D LA ROSA 20PZ','78.00','UNITARIO','0','00000000'),('724869001427','0','NUGS RECREO 56G ','8.00','UNITARIO','0','00000000'),('724869001434','0','NUGS 10PZ','61.00','UNITARIO','0','00000000'),('724869004015','0','CHOCOLATE DE LA ROSA 21G','4.00','UNITARIO','0','00000000'),('724869004022','0','CHOCOLATE D LA R 16PZ','54.00','UNITARIO','0','00000000'),('724869004060','0','CHOCOLATE ALMENDRAS D L R 21G','4.00','UNITARIO','0','00000000'),('724869004077','0','CHOCO ALMEN D LA R 16PZ','59.00','UNITARIO','0','00000000'),('724869004282','0','MALVAV CHOCO D LA R 50PZ','48.50','UNITARIO','0','00000000'),('724869004749','0','MALVAV CORA D LA R 50PZ','46.00','UNITARIO','0','00000000'),('724869100106','0','MAZAPAN D LA ROSA 30PZ','68.00','UNITARIO','0','00000000'),('725181035015','0','LUCAS GUSANO','6.00','UNITARIO','0','00000000'),('725181820109','0','LUCAS GUSANO 10PZ','49.00','UNITARIO','0','00000000'),('725226000107','0','D ROSA. JUMBO 50PZ','65.00','UNITARIO','0','00000000'),('731082001004','0','GUAY. SARDINA 425G','29.00','UNITARIO','0','00000000'),('735257002452','0','D GARI GELATINA 120G','10.00','UNITARIO','0','00000000'),('735257002469','0','D GARI GELATINA 120G','10.00','UNITARIO','0','00000000'),('735257002476','0','D GARI GELATINA 120G','10.00','UNITARIO','0','00000000'),('735257002490','0','D GARI GELATINA 120G','10.00','UNITARIO','0','00000000'),('735257002513','0','D GARI GELATINA 120G','10.00','UNITARIO','0','00000000'),('735257002537','0','D GARI GELATINA 120G','10.00','UNITARIO','0','00000000'),('735257002629','0','D GARI GELATINA 120G','10.00','UNITARIO','0','00000000'),('735257002636','0','D GARI GELATINA 120G','10.00','UNITARIO','0','00000000'),('735257002643','0','D GARI GELATINA 120G','10.00','UNITARIO','0','00000000'),('735257002667','0','D GARI GELATINA 120G','10.00','UNITARIO','0','00000000'),('735257002674','0','D GARI GELATINA 120G','10.00','UNITARIO','0','00000000'),('736211246332','0','TOSTA.CH ALCARAZ 193GR','19.00','UNITARIO','0','00000000'),('736211246431','0','TOSTA.CH ALCARAZ 222GR','23.00','UNITARIO','0','00000000'),('736211246738','0','TOSTA.CH ALCARAZ 320GR','32.00','UNITARIO','0','00000000'),('7362212875245','0','TOSTA. CH DELICIA 195GR','16.00','UNITARIO','0','00000000'),('7362212875269','0','TOSTA. MD DELICIA 260GR','17.00','UNITARIO','0','00000000'),('736221287527','0','TOSTA. GR DELICIA 480GR','28.00','UNITARIO','0','00000000'),('736221287528','0','TOSTA. CH DELICIA 370GR','21.00','UNITARIO','0','00000000'),('738545010481','0','LA BOTANERA SALSA 354ML','00.00','UNITARIO','0','00000000'),('741120000005','0','CLARASOL 1L','9.00','UNITARIO','0','00000000'),('7441005011326','8','PANASONIC D','15.50','UNITARIO','3','00000000'),('7441005012323','6','PANASONIC C','15.50','UNITARIO','3','00000000'),('7441005013313','51','PANASONIC AA','8.00','UNITARIO','3','00000000'),('7441005014419','41','PANASONIC AAA','8.50','UNITARIO','3','00000000'),('7441005019117','5','PANASONIC 9 V','46.00','UNITARIO','3','00000000'),('744293160231','0','TONAYAN BLANCO 960ML','28.00','UNITARIO','0','00000000'),('744293160255','0','TONAYAN 5L BLANCO','125','UNITARIO','0','00000000'),('744293160361','0','TONAYAN AMARILLO 960ML','28.00','UNITARIO','0','00000000'),('744293160385','0','TONAYAN 5L AMARILLO','125','UNITARIO','0','00000000'),('744607002103','0','HERRADORA REPO 700ML','460.00','UNITARIO','0','00000000'),('744607004107','0','ANTIGUO REPOSADO 700ML','260.00','UNITARIO','0','00000000'),('744607006989','0','JIMADOR CRISTALINO 200ML ','105.00','UNITARIO','0','00000000'),('744607049108','0','JIMADOR REPO 700 ML','192.00','UNITARIO','0','00000000'),('744607049801','0','JIMADOR REPO 950ML','240.00','UNITARIO','0','00000000'),('744607840804','0','NEW MIX VRDE 350ML','17.50','UNITARIO','0','00000000'),('744831100750','0','VELA SATURNO 16 PZ','57.00','UNITARIO','0','00000000'),('744831170845','0','VELAD. MURALLA F.','15.50','UNITARIO','0','00000000'),('744831181209','0','VELAS. LUZ ETRNA','26.00','UNITARIO','0','00000000'),('744831190058','0','VELAD.  MORAS FAM','17.00','UNITARIO','0','00000000'),('744831191239','0','VELAD. LUZ E. QUINCE','53.00','UNITARIO','0','00000000'),('745819006101','0','BARRA LEON CLAS 350G','13.00','UNITARIO','0','00000000'),('745819006125','0','TORRE BARRA 350G','10.00','UNITARIO','0','00000000'),('745819006224','0','LEON BARRA 350G VERDE','13.00','UNITARIO','0','00000000'),('745819007214','0','BARRALEON BB 350G','13.00','UNITARIO','0','00000000'),('745819007290','0','LEON BARRA 350G MORA','13.00','UNITARIO','0','00000000'),('745819007306','0','LEON BARRA 350G ROJ','13.00','UNITARIO','0','00000000'),('745819008099','0','TORRE BARRA AMARI 350G','12.00','UNITARIO','0','00000000'),('749787500135','0','CABRITO REPO DUO 950ML','167.00','UNITARIO','0','00000000'),('75000592','0','CLORALEX RENDI 250ML','5.00','UNITARIO','0','00000000'),('75000608','0','CLORALEX RENDI 500ML','7.50','UNITARIO','0','00000000'),('75000615','0','CLORALEX VRD 950 ML','13.00','UNITARIO','0','00000000'),('75000639','0','CLORALEX REND 3,75L','40.00','UNITARIO','0','00000000'),('75000950','0','NIVEA CREME 20ML','15.00','UNITARIO','0','00000000'),('75001162','0','FABULOSO VARIEDAD 500ML','14.00','UNITARIO','0','00000000'),('75001186','0','FABULOSO VARIEDAD 500ML','14.00','UNITARIO','0','00000000'),('75001322','0','MARLBORO ROJO 20','63.00','UNITARIO','0','00000000'),('75001339','0','MARLBORO ROJO 14','47.00','UNITARIO','0','00000000'),('75001476','0','DELICADOS AVALADOS 18','50.00','UNITARIO','0','00000000'),('75001872','0','PALMOLIVE BRILLANTINA 52ML ','15.00','UNITARIO','0','00000000'),('75001957','0','FRUTSI 250ML','7.00','UNITARIO','0','00000000'),('75002275','0','CHOCOROLES 80G','15.00','UNITARIO','0','00000000'),('75002794','0','PALMOLIVE SHAM 200ML ','25.00','UNITARIO','0','00000000'),('7500326094330','0','FOIL PK. ALUMINIO 7.8','8.00','UNITARIO','0','00000000'),('7500326903069','0','KINDER WI. TUALLITAS 80PZ','24.00','UNITARIO','0','00000000'),('75003371','0','GERBER 113G','10.50','UNITARIO','0','00000000'),('75003388','0','GERBER 113G','10.50','UNITARIO','0','00000000'),('75003401','0','GERBER 113G','10.50','UNITARIO','0','00000000'),('75003418','0','GERBER 113G','10.50','UNITARIO','0','00000000'),('75003425','0','GERBER 113G','10.50','UNITARIO','0','00000000'),('75003456','0','GERBER 113G','10.50','UNITARIO','0','00000000'),('75003463','0','GERBER 113G','10.50','UNITARIO','0','00000000'),('7500435018791','0','ACE POLV 900G','32.50','UNITARIO','0','00000000'),('7500435019392','0','CREST ANTI C 75ML','17.00','UNITARIO','0','00000000'),('7500435019491','0','HEAD Y SHO. 350ML','61.00','UNITARIO','0','00000000'),('7500435019545','0','HEAD Y SHO. 350ML','61.00','UNITARIO','0','00000000'),('7500435019712','0','HEAD Y SHO. 350ML','61.00','UNITARIO','0','00000000'),('7500435019811','0','HEADY SHO.180ML ','30.00','UNITARIO','0','00000000'),('7500435019828','0','HEAD Y SHO. 350ML','61.00','UNITARIO','0','00000000'),('7500435019880','0','HEAD Y SHO. 350ML','61.00','UNITARIO','0','00000000'),('7500435019958','0','HEADY SHO.180ML ','30.00','UNITARIO','0','00000000'),('7500435020008','0','HEAD Y SHO. 350ML','61.00','UNITARIO','0','00000000'),('7500435020169','0','HEAD Y SHO. 350ML','61.00','UNITARIO','0','00000000'),('7500435020244','0','PANTENE SHAM.400ML ','52.00','UNITARIO','0','00000000'),('7500435020251','0','PANTENE SHAM.200 ML ','32.50','UNITARIO','0','00000000'),('7500435105354','0','M. LIMPIO POLV 250G','8.00','UNITARIO','0','00000000'),('7500435105361','0','M. LIMPIO POLV 500G','16.50','UNITARIO','0','00000000'),('7500435105644','0','HERBAL E. CREM 150 ML','17.00','UNITARIO','0','00000000'),('7500435105651','0','HERBAL E. CREM 150 ML','17.00','UNITARIO','0','00000000'),('7500435105668','0','HERBAL E. CREM 150 ML','17.00','UNITARIO','0','00000000'),('7500435108256','0','SALVO LIQUI 500ML','23.00','UNITARIO','0','00000000'),('7500435109475','0','PANTENE CRE.160ML','21.00','UNITARIO','0','00000000'),('7500435109482','0','PANTENE CRE.160ML','21.00','UNITARIO','0','00000000'),('7500435113885','0','CREST BLAN 75ML','21.00','UNITARIO','0','00000000'),('7500435118774','0','NATURL. MANZAN 28PZ','54.00','UNITARIO','0','00000000'),('7500435120616','0','ACE LIQUI 400ML','22.50','UNITARIO','0','00000000'),('7500435120852','0','ARIEL POLV 850G','31.50','UNITARIO','0','00000000'),('7500435125987','0','DOWNY PASSION 750ML','25.00','UNITARIO','0','00000000'),('7500435126014','0','DOWNY ROMACE 750ML','25.00','UNITARIO','0','00000000'),('7500435127370','0','ORAL B 50G','16.5','UNITARIO','0','00000000'),('7500435127516','0','DOWNY PUREZA SIL 600ML','21.00','UNITARIO','0','00000000'),('7500435127523','0','DOWNY BRISA FRES 600ML','21.00','UNITARIO','0','00000000'),('7500435129329','0','SECRET DESO. AEROSOL 150ML ','45','UNITARIO','0','00000000'),('7500435129350','0','SECRET DESO GEL 45 GS','39','UNITARIO','0','00000000'),('7500435129374','0','SECRET DESO GEL 45 GS','39','UNITARIO','0','00000000'),('7500435129398','0','SECRET DESO.  BOLITA 57 ML ','33','UNITARIO','0','00000000'),('7500435133531','0','ALWAYS NOCHE 10PZ','24.00','UNITARIO','0','00000000'),('7500435134262','0','HERBAL SHAM 160 ML','21.00','UNITARIO','0','00000000'),('7500435137034','0','DOWNY ROMACE 567ML','19.00','UNITARIO','0','00000000'),('7500435137287','0','ACE NATURL POLV 800G','21.00','UNITARIO','0','00000000'),('7500435138826','0','ARIEL DOWNY POLV 750G','35.00','UNITARIO','0','00000000'),('7500435139168','0','DOWNY SUAVE GENT 800ML','25.00','UNITARIO','0','00000000'),('7500435139878','0','ARIEL DOWNY LIQUI 600ML','35.00','UNITARIO','0','00000000'),('7500435139892','0','ARIEL LIQUI DOB PO 600ML','32.50','UNITARIO','0','00000000'),('7500435139915','0','ARIEL REVITA LIQUI 700ML','30.50','UNITARIO','0','00000000'),('7500435139946','0','ARIEL REVITA LIQUI 2,8L','114.00','UNITARIO','0','00000000'),('7500435139977','0','ARIEL REVITA LIQUI 400ML','0.00','UNITARIO','0','00000000'),('7500435139984','0','ACE LIQUI 700ML','27.00','UNITARIO','0','00000000'),('7500435140140','0','DOWNY SUAVE GENT 600ML','16.50','UNITARIO','0','00000000'),('7500435142410','0','DOWNY OCEAN BRE 800ML','25.00','UNITARIO','0','00000000'),('7500435142465','0','DOWNY OCEAN BRE 600ML','21.00','UNITARIO','0','00000000'),('7500435143189','0','SECRET DESO BARRA 45GS ','39','UNITARIO','0','00000000'),('7500435143196','0','SECRET DESO BARRA 45GS ','39','UNITARIO','0','00000000'),('7500435147460','0','DOWNY SPORT 750ML','25.00','UNITARIO','0','00000000'),('7500435148894','0','ARIEL REVITA POLV 900G','31.00','UNITARIO','0','00000000'),('7500462733216','0','VOLARE 500ML','12.00','UNITARIO','0','00000000'),('7500462733223','0','VOLARE 500ML','12.00','UNITARIO','0','00000000'),('7500462733230','0','VOLARE 500ML','12.00','UNITARIO','0','00000000'),('75004699','0','COCA COLA 500ML. V','9.00','UNITARIO','0','00000000'),('7500478000401','0','QUAKR AVENA BOTE 475G','32.50','UNITARIO','0','00000000'),('7500478003457','0','INSPIREKA ARENA 30G ','15.00','UNITARIO','0','00000000'),('7500478005512','0','CRACKETS 135G','13.00','UNITARIO','0','00000000'),('7500478007622','0','SABRITAS 62G.','15.00','UNITARIO','0','00000000'),('7500478007950','0','RUFFLES  ORIG 50G','13.00','UNITARIO','0','00000000'),('7500478007967','0','RUFFLES MC ROJA 50G','13.00','UNITARIO','0','00000000'),('7500478007974','0','RUFFLES MC JALAPE 50G','13.00','UNITARIO','0','00000000'),('7500478010592','0','MARIAS 30G','00.00','UNITARIO','0','00000000'),('7500478013647','0','EMPERADOR CHO 91G','12.00','UNITARIO','0','00000000'),('7500478013654','0','EMPERADOR VAI 91G','12.00','UNITARIO','0','00000000'),('7500478013661','0','EMPERADOR NUZ 91G','12.00','UNITARIO','0','00000000'),('7500478013678','0','EMPERADOR COM 91G','12.00','UNITARIO','0','00000000'),('7500478014477','0','EMPERADOR PRT 91G','12.00','UNITARIO','0','00000000'),('7500478014569','0','CHOKIS CLA 76G','13.00','UNITARIO','0','00000000'),('7500478014606','0','CHEETOS AZUL 45G','9.00','UNITARIO','0','00000000'),('7500478015047','0','CHEETOS BOLITA 45G','9.00','UNITARIO','0','00000000'),('7500478016587','0','CHURRUMAIS 64G','9.00','UNITARIO','0','00000000'),('75005078','0','FANTA VIDRIO 500ML','9.00','UNITARIO','0','00000000'),('75007614','0','COCA-COLA NR 600ML','13.00','UNITARIO','0','00000000'),('7501000111091','0','PAN BLANCO CH 360G','25.00','UNITARIO','0','00000000'),('7501000111251','0','TORTILLINAS TR 10PZ','00.00','UNITARIO','0','00000000'),('7501000111299','0','TORTILLINAS TR 20PZ','00.00','UNITARIO','0','00000000'),('7501000111466','0','PAN INTEGRAL GR 675G','37.00','UNITARIO','0','00000000'),('7501000111503','0','MEDIAS NOCHES 8PZ','00.00','UNITARIO','0','00000000'),('7501000111602','0','BIMBOLLOS 8PZ 450G','32.00','UNITARIO','0','00000000'),('7501000111800','0','PAN TOSTADO CLA 210G','22.00','UNITARIO','0','00000000'),('7501000111855','0','PAN MOLIDO CLA 210G','15.00','UNITARIO','0','00000000'),('7501000112326','0','PANQUE  NUEZ 255G','30.00','UNITARIO','0','00000000'),('7501000112425','0','DONAS ESPO 105G','12.00','UNITARIO','0','00000000'),('7501000112500','0','DONAS AZUC 105G','10.00','UNITARIO','0','00000000'),('7501000112784','0','NITO 62G','10.00','UNITARIO','0','00000000'),('7501000112845','0','REBANADAS 55G','5.00','UNITARIO','0','00000000'),('7501000122332','0','PAN BLANCO GR 640G','32.00','UNITARIO','0','00000000'),('7501000127344','0','LORS 98G','12.00','UNITARIO','0','00000000'),('7501000128167','0','PRINCIPE CHO 105G','13.00','UNITARIO','0','00000000'),('7501000132300','0','PRINCIPE CB 105G','13.00','UNITARIO','0','00000000'),('7501000133031','0','BARRITAS PA 75G','10.00','UNITARIO','0','00000000'),('7501000133055','0','BARRITAS FR 75G','10.00','UNITARIO','0','00000000'),('7501000134465','0','MAGNAS TIA R 200G','15.00','UNITARIO','0','00000000'),('7501000135257','0','CANAPINAS LARA 95G','10.00','UNITARIO','0','00000000'),('7501000135301','0','MARIAS LARA 170G','10.00','UNITARIO','0','00000000'),('7501000138944','0','SPONCH 120G','00.00','UNITARIO','0','00000000'),('7501000140855','0','TRIKI-TRAKES 85G','00.00','UNITARIO','0','00000000'),('7501000142200','0','BIGOTES CHO TIA R 60','10.00','UNITARIO','0','00000000'),('7501000142217','0','BIGOTES CAJETA TIA R 60G','10.00','UNITARIO','0','00000000'),('7501000142453','0','CONCHAS TIA R 120G','14.00','UNITARIO','0','00000000'),('7501000142705','0','CUERNITOS TIA R 100G','12.00','UNITARIO','0','00000000'),('7501000142804','0','DORADITAS TIA R 110G','12.00','UNITARIO','0','00000000'),('7501000149100','0','PAN MOLIDO CRJ 175G','15.00','UNITARIO','0','00000000'),('7501000153107','0','GANSITO 50G','10.00','UNITARIO','0','00000000'),('7501000153374','0','SUBMARINOS FR 150G','00.00','UNITARIO','0','00000000'),('7501000153718','0','BONBONETES 55G','8.00','UNITARIO','0','00000000'),('7501000153763','0','ROCKO 44G','5.00','UNITARIO','0','00000000'),('7501000153800','0','PINGUINOS 80G','15.00','UNITARIO','0','00000000'),('7501000156214','0','SUBMARINOS CH 150G','00.00','UNITARIO','0','00000000'),('7501000189212','0','TORTILLINAS DH 10PZ','00.00','UNITARIO','0','00000000'),('7501000278404','0','PALETA PAYASO 45G','10.00','UNITARIO','0','00000000'),('7501000604685','0','CHOKIS REL 90G','13.00','UNITARIO','0','00000000'),('7501000606566','0','CREMAX CHO 90G','12.00','UNITARIO','0','00000000'),('7501000606573','0','CREMAX VAI 90G','12.00','UNITARIO','0','00000000'),('7501000606580','0','CREMAX FRE 90G','12.00','UNITARIO','0','00000000'),('7501000635726','0','ARCOIRIS 75G','13.00','UNITARIO','0','00000000'),('7501000651375','0','MAMUT 44G','6.00','UNITARIO','0','00000000'),('7501000657797','0','CHOKIS CBA 84G','13.00','UNITARIO','0','00000000'),('7501000664221','0','SALADITAS 186G','15.00','UNITARIO','0','00000000'),('7501000664382','0','MARI. DORADAS 278G','21.00','UNITARIO','0','00000000'),('7501000665747','0','GAMESA HOT CA 500G','21.00','UNITARIO','0','00000000'),('7501000911783','0','NESCAFE CLASICO 14G ','10.00','UNITARIO','0','00000000'),('7501000911790','0','NESCAFE DECAF 14G','10.00','UNITARIO','0','00000000'),('7501000912605','0','DOLCA 22G','12.00','UNITARIO','0','00000000'),('7501000912612','0','NESCAFE 28G.','16.00','UNITARIO','0','00000000'),('7501000912803','0','NECAFE CLA 42G','23.00','UNITARIO','0','00000000'),('7501000913282','0','COFFEE MATE 34G.','7.00','UNITARIO','0','00000000'),('7501001030117','0','ROYAL 110G','14.00','UNITARIO','0','00000000'),('7501001110314','0','PANTENE SHAM.400ML ','52.00','UNITARIO','0','00000000'),('7501001130657','0','SALVO POLV 500G','21.00','UNITARIO','0','00000000'),('7501001130664','0','SALVO POLVO 250G','00.00','UNITARIO','0','00000000'),('7501001164645','0','PANTENE SHAM.400ML ','52.00','UNITARIO','0','00000000'),('7501001165246','0','PANTENE SHAM.400ML ','52.00','UNITARIO','0','00000000'),('7501001168995','0','PANTENE SHAM.400ML ','52.00','UNITARIO','0','00000000'),('7501001170073','0','PANTENE CRE 300ML','38.00','UNITARIO','0','00000000'),('7501001394912','0','HERBAL E.MOUSSE 239 ML','56.00','UNITARIO','0','00000000'),('7501001604103','0','MAGGI JUGO TRA 100ML','29.00','UNITARIO','0','00000000'),('7501001656454','0','CHOCOLATE ABUELITA','14.00','UNITARIO','0','00000000'),('7501003103703','0','HRDZ SALSA CASER 240G','17.50','UNITARIO','0','00000000'),('7501003105431','0','HRDZ SALSA GUACA 240G','21.00','UNITARIO','0','00000000'),('7501003123237','0','HERDEZ CHAMPIÑON 380G','29.50','UNITARIO','0','00000000'),('7501003124241','0','HERDEZ ELOTE 400G','13.00','UNITARIO','0','00000000'),('7501003126221','0','V8 ORIGI 335ML','9.00','UNITARIO','0','00000000'),('7501003127389','0','HRDZ SALSA VERDE 453G','25.50','UNITARIO','0','00000000'),('7501003127587','0','HRDZ SALSA TAQUE 453G','25.50','UNITARIO','0','00000000'),('7501003149237','0','D MARI. PIPIAN 230G','36.60','UNITARIO','0','00000000'),('7501003149336','0','D MARI. DOBO 235G','00.00','UNITARIO','0','00000000'),('7501003150219','0','D MARI. MOLE 125G','19.00','UNITARIO','0','00000000'),('7501003150233','0','D MARI. MOLE 235G','00.00','UNITARIO','0','00000000'),('7501003300621','0','MC COR. MAYO GUAC 110G','12.50','UNITARIO','0','00000000'),('7501003300645','0','MC COR. MAYO CHIPO 110G','12.50','UNITARIO','0','00000000'),('7501003300652','0','MC COR. MAYONESA L 105G','13.00','UNITARIO','0','00000000'),('7501003300676','0','MC COR. MOZTAZA 115G','10.00','UNITARIO','0','00000000'),('7501003300829','0','MC COR. MATONESA 110G','00.00','UNITARIO','0','00000000'),('7501003309976','0','BUFAL. ACEITUNA 150G','21.50','UNITARIO','0','00000000'),('7501003334329','0','MC COR. MAYONESA A 210G','18.00','UNITARIO','0','00000000'),('7501003334336','0','MC COR. MAYONESA A 420G','31.00','UNITARIO','0','00000000'),('7501003335029','0','MC COR. MOZTAZA 210G','15.50','UNITARIO','0','00000000'),('7501003339133','0','MC CO. TE MANZA 25PZ','17.00','UNITARIO','0','00000000'),('7501003339355','0','MC CO. TE LIMON 25PZ','17.00','UNITARIO','0','00000000'),('7501003339454','0','MC CO. TE HIER BU 25PZ','26.00','UNITARIO','0','00000000'),('7501003340122','0','MC COR. MAYONESA L 190G','20.00','UNITARIO','0','00000000'),('7501003340139','0','MC COR. MAYONESA L 390G','34.00','UNITARIO','0','00000000'),('7501003340221','0','MC COR. MAYO LIGTH 207G','18.50','UNITARIO','0','00000000'),('7501005102674','0','ADES CARTN 946ML','23.00','UNITARIO','0','00000000'),('7501005102728','0','ADES CARTN 946ML','25.00','UNITARIO','0','00000000'),('7501005106801','0','MAIZENA ATOLE 47G','7.50','UNITARIO','0','00000000'),('7501005106979','0','MAIZENA ATOLE 47G','7.50','UNITARIO','0','00000000'),('7501005107013','0','MAIZENA ATOLE 47G','7.50','UNITARIO','0','00000000'),('7501005107150','0','MAIZENA ATOLE 47G','7.50','UNITARIO','0','00000000'),('7501005107297','0','MAIZENA ATOLE 47G','7.50','UNITARIO','0','00000000'),('7501005109079','0','ADES CARTN 200ML','8.00','UNITARIO','0','00000000'),('7501005110242','0','MAIZENA NATU 95G','10.50','UNITARIO','0','00000000'),('7501005110389','0','MAIZENA NATU 160G','15.00','UNITARIO','0','00000000'),('7501005112208','0','KNOR SUIZA 200G','31.50','UNITARIO','0','00000000'),('7501005129930','0','KNOR SOPA FIDEO 95G','10.00','UNITARIO','0','00000000'),('7501005129947','0','KNOR SOPA ESTRE 95G','10.00','UNITARIO','0','00000000'),('7501005129954','0','KNOR SOPA LETRA 95G','10.00','UNITARIO','0','00000000'),('7501005134002','0','KNOR SOPA MINIC 95G','10.00','UNITARIO','0','00000000'),('7501005134712','0','KNOR SOPA CODO 95G','10.00','UNITARIO','0','00000000'),('7501005145442','0','MAIZENA ATOLE 47G','7.50','UNITARIO','0','00000000'),('7501005151931','0','HELLM. MAYONESA 105G','12.00','UNITARIO','0','00000000'),('7501005151955','0','HELLM. MAYONESA 190G','16.00','UNITARIO','0','00000000'),('7501005151962','0','HELLM. MAYONESA 390G','23.00','UNITARIO','0','00000000'),('7501005180306','0','KNORS SUIZA CUBO10.5G','2.00','UNITARIO','0','00000000'),('7501005180504','0','KNORR TOMATE 2CUBOS 10,5G C/U','4.00','UNITARIO','0','00000000'),('7501005180658','0','KNOR SUIZA 100G','19.50','UNITARIO','0','00000000'),('7501005616898','0','100 AÑOS 700ML','160.00','UNITARIO','0','00000000'),('7501005617499','0','HORNITOS 200ML','81.00','UNITARIO','0','00000000'),('7501006523959','0','HUNTS SALSA TRAD 360G','20.50','UNITARIO','0','00000000'),('7501006523966','0','HUNTS SALSA CHAM 360G','20.50','UNITARIO','0','00000000'),('7501006523973','0','HUNTS SALSA 4QUE 360G','20.50','UNITARIO','0','00000000'),('7501006530285','0','D MONTE. FRESA 270G','18.50','UNITARIO','0','00000000'),('7501006532531','0','DM ZANA Y CHICHAR 410G','00.00','UNITARIO','0','00000000'),('7501006532753','0','D MONTE. VERDURAS 400G','13.00','UNITARIO','0','00000000'),('7501006532814','0','DM ENSALADA 215G','00.00','UNITARIO','0','00000000'),('7501006535303','0','DM ELOTE DORADO 400G','00.00','UNITARIO','0','00000000'),('7501006535549','0','D MONTE. CHICHAROS 410G','12.50','UNITARIO','0','00000000'),('7501006536713','0','D MONTE. CHICHAROS 200G','8.00','UNITARIO','0','00000000'),('7501006584028','0','HUNTS BBQ 629G','38.00','UNITARIO','0','00000000'),('7501006584035','0','HUNTS BBQ 360G','22.00','UNITARIO','0','00000000'),('7501006705942','0','ACE POLV 250G','10.00','UNITARIO','0','00000000'),('7501006721119','0','PANTENE SHAM.200 ML ','32.50','UNITARIO','0','00000000'),('7501006733907','0','CREST 4EN1 100 ML','18.00','UNITARIO','0','00000000'),('7501007445557','0','ACE 500G','19.00','UNITARIO','0','00000000'),('7501007455730','0','ARIEL DOB POW 500G','00.00','UNITARIO','0','00000000'),('7501007457796','0','PANTENE SHAM.400ML ','52.00','UNITARIO','0','00000000'),('7501007497129','0','ACE NATURL POLV 500G','16.00','UNITARIO','0','00000000'),('7501007497136','0','ACE NATURL POLV 250G','8.50','UNITARIO','0','00000000'),('7501007499789','0','ALWAYS PROT TO. 40PZ','36.00','UNITARIO','0','00000000'),('7501007528786','0','LUBRIDERM CREMA 120ML','25.00','UNITARIO','0','00000000'),('7501007528939','0','LUBRIDERM CREMA 120ML','25.00','UNITARIO','0','00000000'),('7501007704302','0','PETALO SERVILLETAS 100PZ','11.00','UNITARIO','0','00000000'),('7501007829500','0','CALMEX SARDINA 425G','29.00','UNITARIO','0','00000000'),('7501008001387','0','NUTRI FIBRA PASA 285G','42.00','UNITARIO','0','00000000'),('7501008004661','0','FRUT LOOPS 90G','14.50','UNITARIO','0','00000000'),('7501008004715','0','CORN POPS 100G','14.50','UNITARIO','0','00000000'),('7501008004753','0','CORN FLAKES 120G','19.00','UNITARIO','0','00000000'),('7501008006290','0','NUTRI FIBRA NAT 300G','46.00','UNITARIO','0','00000000'),('7501008010006','0','CORN POPS 30G','6.50','UNITARIO','0','00000000'),('7501008015261','0','CORN POPS 210G','33.00','UNITARIO','0','00000000'),('7501008015339','0','FRUT LOOPS 180G','30.00','UNITARIO','0','00000000'),('7501008018125','0','CHOCO CRISP 290G','28.50','UNITARIO','0','00000000'),('7501008019283','0','CHOCO CRISP 135G','18.00','UNITARIO','0','00000000'),('7501008019436','0','CHOCO CRISP 450 G','48.00','UNITARIO','0','00000000'),('7501008019450','0','CHOCO CRISP 38G','6.50','UNITARIO','0','00000000'),('7501008021439','0','EXTRA ARAN 130G','18.00','UNITARIO','0','00000000'),('7501008023143','0','CORN FLAKES 500G','45.50','UNITARIO','0','00000000'),('7501008041291','0','FROOT LOOPS 25G','6.50','UNITARIO','0','00000000'),('7501008042823','0','ZUCARITAS CHOCO 35G','6.50','UNITARIO','0','00000000'),('7501008042854','0','ZUCARITAS 30G','6.50','UNITARIO','0','00000000'),('7501008042953','0','ZUCARITAS 490G','46.50','UNITARIO','0','00000000'),('7501008042984','0','ZUCARITAS 260G','26.00','UNITARIO','0','00000000'),('7501008101049','0','CORN FLAKES 150G','16.00','UNITARIO','0','00000000'),('7501008703441','0','CUETA. MEXICANA 135G','7.00','UNITARIO','0','00000000'),('7501009222729','0','PRESTOBARBA2 ULTRAGRIP ','14.00','UNITARIO','0','00000000'),('7501011101456','0','SABRITAS ORIGINALES 45G.','13.00','UNITARIO','0','00000000'),('7501011101463','0','SABRITAS ADOVO  45G','00.00','UNITARIO','0','00000000'),('7501011101678','0','SABRITAS LIMON 45G','00.00','UNITARIO','0','00000000'),('7501011110335','0','FRITOS LYS 57G','10.00','UNITARIO','0','00000000'),('7501011111028','0','RANCHERITOS 60G','11.00','UNITARIO','0','00000000'),('7501011112254','0','FRITOS CYC 57G','10.00','UNITARIO','0','00000000'),('7501011114524','0','RUFFLES QUESO 50G','13.00','UNITARIO','0','00000000'),('7501011115606','0','SABRITAS ORIGINAL 240G.','46.00','UNITARIO','0','00000000'),('7501011118119','0','SABRITAS ESPE 45G','00.00','UNITARIO','0','00000000'),('7501011123380','0','DORITOS PIZZA','10.00','UNITARIO','0','00000000'),('7501011123588','0','DORITOS NACHO 61G','12.00','UNITARIO','0','00000000'),('7501011123878','0','DORITOS INCOGNITA','12.00','UNITARIO','0','00000000'),('7501011130272','0','DORITOS FLAMIN 61G','12.00','UNITARIO','0','00000000'),('7501011135024','0','PAKETAXO 170G','12.00','UNITARIO','0','00000000'),('7501011135055','0','ROCKA LETA 18PZ','71.00','UNITARIO','0','00000000'),('7501011138865','0','INSPIREKA KONSTRU-Y 49G','15.00','UNITARIO','0','00000000'),('7501011140776','0','INSPIREKA ARMABLES 32G ','15.00','UNITARIO','0','00000000'),('7501011142299','0','CRUJITOS 43G','10.00','UNITARIO','0','00000000'),('7501011143586','0','CHEETOS NARANJA 45G','9.00','UNITARIO','0','00000000'),('7501011143739','0','SABRITAS FLAMIN 45G','00.00','UNITARIO','0','00000000'),('7501011143753','0','CHEETOS FLAMIN 45G','9.00','UNITARIO','0','00000000'),('7501011143999','0','CHEETOS VERDE 45G','9.00','UNITARIO','0','00000000'),('7501011147942','0','INSPIREKA MOLDEABLE 45G ','15.00','UNITARIO','0','00000000'),('7501011155343','0','CHEETOS PALOMITA 45G','9.00','UNITARIO','0','00000000'),('7501011159969','0','INSPIREKA PINTA FRUT 20,4G ','15.00','UNITARIO','0','00000000'),('7501011163706','0','DORITOS 3D 61G','12.00','UNITARIO','0','00000000'),('7501011165687','0','SABRITAS 171G','00.00','UNITARIO','0','00000000'),('7501011165717','0','CHEETOS COLMILLO 45G','9.00','UNITARIO','0','00000000'),('7501011167650','0','SABRITAS 110G','13.00','UNITARIO','0','00000000'),('7501011176713','0','TIX TIX SONRICS 12G','6.00','UNITARIO','0','00000000'),('7501011177239','0','GUDU CUBOS 18G ','6.00','UNITARIO','0','00000000'),('7501011312678','0','CAMP B. CREMA CHA 300G','23.50','UNITARIO','0','00000000'),('7501011350694','0','V8 SPLASH 500ML','14.00','UNITARIO','0','00000000'),('7501011350748','0','V8 SPLASH 500ML','14.00','UNITARIO','0','00000000'),('7501013110425','0','JUMEX CART 250ML','7.00','UNITARIO','0','00000000'),('7501013110753','0','JUMEX CART 250ML','7.00','UNITARIO','0','00000000'),('7501013118056','0','JUMEX LATA 335ML','9.00','UNITARIO','0','00000000'),('7501013118117','0','JUMEX LATA 335ML','9.00','UNITARIO','0','00000000'),('7501013118193','0','JUMEX LATA 335ML','9.00','UNITARIO','0','00000000'),('7501013122114','0','JUMEX CART 1L','21.00','UNITARIO','0','00000000'),('7501013122138','0','JUMEX CART 1L','21.00','UNITARIO','0','00000000'),('7501013122145','0','JUMEX CART 1L','21.00','UNITARIO','0','00000000'),('7501013122190','0','JUMEX CART 1L','21.00','UNITARIO','0','00000000'),('7501013123050','0','JUMEX BOTEL 250ML','7.50','UNITARIO','0','00000000'),('7501013123197','0','JUMEX BOTEL 250ML','7.50','UNITARIO','0','00000000'),('7501013174052','0','JUMEX BOTEL 450ML','11.00','UNITARIO','0','00000000'),('7501013174199','0','JUMEX BOTEL 450ML','11.00','UNITARIO','0','00000000'),('7501014300429','0','CHOCO CHOCO 25 G','5.00','UNITARIO','0','00000000'),('7501014302126','0','CHOCO C. CHOCOM 327G','29.00','UNITARIO','0','00000000'),('7501014302133','0','CHOCO C. CHOCOM 816G','55.50','UNITARIO','0','00000000'),('7501014302140','0','CHOCO C. CHOCOM 167G','19.50','UNITARIO','0','00000000'),('7501017003006','0','LA COST. JALAPEÑO 780G','21.00','UNITARIO','0','00000000'),('7501017003020','0','LA COST. RAJAS 820G','26.00','UNITARIO','0','00000000'),('7501017003167','0','LA COST. DURAZNO 820G','0.00','UNITARIO','0','00000000'),('7501017004003','0','LA COST. JALAPEÑO 380G','15.00','UNITARIO','0','00000000'),('7501017004010','0','LA COST. SERRANOS 380G','19.50','UNITARIO','0','00000000'),('7501017004027','0','LA COST. RAJAS 380G','19.50','UNITARIO','0','00000000'),('7501017004362','0','LA C. FRIJOLES 560G','00.00','UNITARIO','0','00000000'),('7501017004621','0','LA COST. NACHOS 380G','18.50','UNITARIO','0','00000000'),('7501017005000','0','LA COST. JALAPEÑO 220G','9.00','UNITARIO','0','00000000'),('7501017005017','0','LA COST. SERRANOS 220G','10.00','UNITARIO','0','00000000'),('7501017005024','0','LA COST. RAJAS 220G','11.00','UNITARIO','0','00000000'),('7501017005031','0','LA COST. CHIPOTLE 220G','20.00','UNITARIO','0','00000000'),('7501017005062','0','LA COST. NACHOS 220G','11.00','UNITARIO','0','00000000'),('7501017005765','0','LA COST. JALAPEÑO P 220G','12.50','UNITARIO','0','00000000'),('7501017006007','0','LA COST. SERRANOS 105G','6.50','UNITARIO','0','00000000'),('7501017006014','0','LA COST. RAJAS 105G','6.00','UNITARIO','0','00000000'),('7501017006021','0','LA COST. CHIPOTLE 105G','11.00','UNITARIO','0','00000000'),('7501017371198','0','KOTEX TOALL 10PZ','15.00','UNITARIO','0','00000000'),('7501017372737','0','ABSORSEC M 40PZ','117.00','UNITARIO','0','00000000'),('7501017372751','0','ABSORSEC G 40PZ','131.00','UNITARIO','0','00000000'),('7501017372775','0','ABSORSEC JUM 40PZ','150.00','UNITARIO','0','00000000'),('7501017375165','0','ABSORSEC M 14PZ','47.00','UNITARIO','0','00000000'),('7501017375189','0','ABSORSEC G 14PZ','54.00','UNITARIO','0','00000000'),('7501017376322','0','VOGUE ROLLO 4PZ','25.50','UNITARIO','0','00000000'),('7501018203849','0','EMBASA CATSUP 1K','21.50','UNITARIO','0','00000000'),('7501018203863','0','EMBASA CATSUP 380G','11.00','UNITARIO','0','00000000'),('7501018211264','0','EMBASA CATSUP 380G','11','UNITARIO','0','00000000'),('7501018310011','0','LA MODERNA PASTA 200G','6.50','UNITARIO','0','00000000'),('7501018310028','0','LA MODERNA PASTA 200G','6.50','UNITARIO','0','00000000'),('7501018310035','0','LA MODERNA PASTA 200G','6.50','UNITARIO','0','00000000'),('7501018310042','0','LA MODERNA PASTA 200G','6.50','UNITARIO','0','00000000'),('7501018310097','0','LA MODERNA PASTA 200G','6.50','UNITARIO','0','00000000'),('7501018310103','0','LA MODERNA PASTA 200G','6.50','UNITARIO','0','00000000'),('7501018310110','0','LA MODERNA PASTA 200G','6.50','UNITARIO','0','00000000'),('7501018310233','0','LA MODERNA PASTA 200G','6.50','UNITARIO','0','00000000'),('7501018310257','0','LA MODERNA PASTA 200G','6.50','UNITARIO','0','00000000'),('7501018310318','0','LA MODERNA PASTA 200G','6.50','UNITARIO','0','00000000'),('7501018310516','0','LA MODERNA PASTA 200G','6.50','UNITARIO','0','00000000'),('7501018310523','0','LA MODERNA PASTA 200G','6.50','UNITARIO','0','00000000'),('7501018310530','0','LA MODERNA PASTA 200G','6.50','UNITARIO','0','00000000'),('7501018310554','0','LA MODERNA PASTA 200G','6.50','UNITARIO','0','00000000'),('7501018310561','0','LA MODERNA PASTA 200G','6.50','UNITARIO','0','00000000'),('7501018310578','0','LA MODERNA PASTA 200G','6.50','UNITARIO','0','00000000'),('7501018310608','0','LA MODERNA PASTA 200G','6.50','UNITARIO','0','00000000'),('7501018310738','0','LA MODERNA PASTA 200G','6.50','UNITARIO','0','00000000'),('7501018310752','0','LA MODERNA PASTA 200G','6.50','UNITARIO','0','00000000'),('7501019002007','0','SABA TOALL 10PZ','25.00','UNITARIO','0','00000000'),('7501019002014','0','SABA TOALL 10PZ','28.00','UNITARIO','0','00000000'),('7501019002069','0','SABA TOALL 13PZ','31.50','UNITARIO','0','00000000'),('7501019006074','0','SABA TOALL 10PZ','17.00','UNITARIO','0','00000000'),('7501019006104','0','SABA TOALL 10PZ','12.00','UNITARIO','0','00000000'),('7501019006371','0','SABA TOALL 10PZ','20.00','UNITARIO','0','00000000'),('7501019006623','0','SABA TOALL 8PZ','24.00','UNITARIO','0','00000000'),('7501019030345','0','SABA TOALL 10PZ','13.00','UNITARIO','0','00000000'),('7501019030611','0','SABA TOALL 10PZ','16.50','UNITARIO','0','00000000'),('7501019031137','0','SABA TOALL 8PZ','14.00','UNITARIO','0','00000000'),('7501019031144','0','SABA TOALL 8PZ','11.00','UNITARIO','0','00000000'),('7501019032417','0','SABA TAMPO 10PZ','43.00','UNITARIO','0','00000000'),('7501019035548','0','REGIO ROLLO 4PZ','21.00','UNITARIO','0','00000000'),('7501019035876','0','SABA TOALL 8PZ','14.00','UNITARIO','0','00000000'),('7501019051159','0','TENA PAÑAL ADUL CH 10PZ','131.00','UNITARIO','0','00000000'),('7501019051647','0','TENA PAÑAL ADUL G 10PZ','68.00','UNITARIO','0','00000000'),('7501019068515','0','SABA PROTE 28PZ','20.00','UNITARIO','0','00000000'),('7501021110134','0','H24 CASA JARD. 460ML','47.00','UNITARIO','0','00000000'),('7501021110356','0','H24 MOSQUITO 460ML','45.00','UNITARIO','0','00000000'),('7501021116563','0','H24 PODER T. 489ML','56.00','UNITARIO','0','00000000'),('7501021120829','0','H24 INSECTOS 480ML','55.00','UNITARIO','0','00000000'),('7501021124476','0','H24 INSECTI 480ML','55.00','UNITARIO','0','00000000'),('7501022019009','0','SANTORINI AGUA 20L','0.00','UNITARIO','0','00000000'),('7501022019016','0','SANTORINI ENVASE 20L','0.00','UNITARIO','0','00000000'),('7501022105283','0','IRSITOS ORO JABON 100G','19.00','UNITARIO','0','00000000'),('7501022133286','0','RISITOS DE ORO SHA 250ML','73.00','UNITARIO','0','00000000'),('7501022150092','0','GRISI JABON 125G','21.00','UNITARIO','0','00000000'),('7501022150153','0','GRISI JABON 125G','21.00','UNITARIO','0','00000000'),('7501022150573','0','GRISI JALEA R 125G','21.00','UNITARIO','0','00000000'),('7501022150801','0','GRISI JABON 125G','21.00','UNITARIO','0','00000000'),('7501023108887','0','NEXCARE MICROPORE 1,25CM','10.00','UNITARIO','0','00000000'),('7501023108894','0','3M NEXCARE MICROPORE 2.5','20.00','UNITARIO','0','00000000'),('7501023118374','0','SB FIBRA CHIC 1PZ','13.00','UNITARIO','0','00000000'),('7501023127598','0','SB ESPONJA BAÑO 3PZ','23.00','UNITARIO','0','00000000'),('7501023128380','0','SB FIBRA 8EN1 2PZ','25.00','UNITARIO','0','00000000'),('7501023310037','0','SM JALAPENO 380G','00.00','UNITARIO','0','00000000'),('7501023312079','0','SM JALAPENO ADOBO 215G','00.00','UNITARIO','0','00000000'),('7501023321026','0','SM. PIÑA 800G','41.00','UNITARIO','0','00000000'),('7501023330318','0','SM LEGUNBRES 220G','00.00','UNITARIO','0','00000000'),('7501023331803','0','SM ELOTE 225G','00.00','UNITARIO','0','00000000'),('7501023502654','0','CHATA CHILORIO 140G','36.00','UNITARIO','0','00000000'),('7501023507536','0','CHATA CHILO ATUN 200G','51.00','UNITARIO','0','00000000'),('7501023535027','0','CHATA CHILORIO CER 250G','53.00','UNITARIO','0','00000000'),('7501023535034','0','CHATA CHILORIO PAV 250G','48.00','UNITARIO','0','00000000'),('7501023535041','0','CHATA COCHINITA P 250G','49.50','UNITARIO','0','00000000'),('7501024002078','0','MONTE B. CHAMPIÑON 186G','16.00','UNITARIO','0','00000000'),('7501024002085','0','MONTE B. CHAMPIÑON 380G','29.50','UNITARIO','0','00000000'),('7501024522996','0','KISSES 900GR','0.00','UNITARIO','0','00000000'),('7501024579327','0','HERSHEYS CART 236ML','9.00','UNITARIO','0','00000000'),('7501025400088','0','PINOL AROMAS 828ML','19.50','UNITARIO','0','00000000'),('7501025400101','0','PINOL AROMAS 500ML','14.00','UNITARIO','0','00000000'),('7501025400118','0','PINOL AROMAS 828ML','19.50','UNITARIO','0','00000000'),('7501025400149','0','PINOL AROMAS 500ML','14.00','UNITARIO','0','00000000'),('7501025400156','0','PINOL AROMAS 828ML','19.50','UNITARIO','0','00000000'),('7501025400170','0','PINOL AROMAS 500ML','14.00','UNITARIO','0','00000000'),('7501025400187','0','PINOL AROMAS 828ML','19.50','UNITARIO','0','00000000'),('7501025400828','0','PINOL CITRICO 500ML','14.00','UNITARIO','0','00000000'),('7501025400835','0','PINOL FLORAL 500ML','14.00','UNITARIO','0','00000000'),('7501025400927','0','CLORALEX COLOR 500ML','17.00','UNITARIO','0','00000000'),('7501025400941','0','CLORALEX COLOR 950ML','28.00','UNITARIO','0','00000000'),('7501025401245','0','CLORALUZ 500ML','5.50','UNITARIO','0','00000000'),('7501025403010','0','PINOL ORIGI 250ML','10.00','UNITARIO','0','00000000'),('7501025403027','0','PINOL 500ML.','15.00','UNITARIO','0','00000000'),('7501025403041','0','PINOL ORIGI 2L','43.00','UNITARIO','0','00000000'),('7501025403058','0','PINOL  ORIGI 3,785L','77.00','UNITARIO','0','00000000'),('7501025403485','0','PINOL ORIG 828ML','22.00','UNITARIO','0','00000000'),('7501025403584','0','PINOL ATOMIZA 650ML','40.00','UNITARIO','0','00000000'),('7501025403614','0','PINOL ATOMIZA 650ML','40.00','UNITARIO','0','00000000'),('7501025403881','0','PINOL AROMAS 828ML','19.50','UNITARIO','0','00000000'),('7501025403904','0','PINOL AROMAS 828ML','19.50','UNITARIO','0','00000000'),('7501025404161','0','PINOL POLV FRESH 900G','32.00','UNITARIO','0','00000000'),('7501025404222','0','PINOL POLV 500G','18.00','UNITARIO','0','00000000'),('7501025404789','0','PINOL POLV 900G','0.00','UNITARIO','0','00000000'),('7501025405076','0','CLORALEX DO RENDI 500ML','9.00','UNITARIO','0','00000000'),('7501025413002','0','ENSUEÑO 850ML','18.50','UNITARIO','0','00000000'),('7501025413019','0','ENSUEÑO 850ML','18.50','UNITARIO','0','00000000'),('7501025414009','0','ENSUEÑO 850ML','18.50','UNITARIO','0','00000000'),('7501025414030','0','ENSUEÑO 850ML','18.50','UNITARIO','0','00000000'),('7501025414054','0','ENSUEÑO 850ML','18.50','UNITARIO','0','00000000'),('7501025414108','0','ENSUEÑO MAX 850ML','18.50','UNITARIO','0','00000000'),('7501025422141','0','SULTAN 400ML','13.00','UNITARIO','0','00000000'),('7501025422158','0','SULTAN 900ML','20.00','UNITARIO','0','00000000'),('7501025440282','0','FLASH VARIEDAD 1L','14.00','UNITARIO','0','00000000'),('7501025440299','0','FLASH VARIEDAD 1L','14.00','UNITARIO','0','00000000'),('7501025440305','0','FLASH VARIEDAD 1L','14.00','UNITARIO','0','00000000'),('7501025440640','0','FLASH VARIEDAD 1L','14.00','UNITARIO','0','00000000'),('7501025444389','0','ENSUEÑO 850ML','18.50','UNITARIO','0','00000000'),('7501025444792','0','ENSUEÑO 740ML','18.50','UNITARIO','0','00000000'),('7501025444815','0','ENSUEÑO 740ML','18.50','UNITARIO','0','00000000'),('7501025444969','0','ENSUEÑO 740ML','18.50','UNITARIO','0','00000000'),('7501025452803','0','BLANCATEL POLV 250G','7.00','UNITARIO','0','00000000'),('7501026000607','0','CARISMA BARRA 400G','18.00','UNITARIO','0','00000000'),('7501026000652','0','CARISMA ES. 500G','33.00','UNITARIO','0','00000000'),('7501026000706','0','ROMA BARRA 400G','17.00','UNITARIO','0','00000000'),('7501026004605','0','ROMA POLV 1KL','35.00','UNITARIO','0','00000000'),('7501026004612','0','ROMA POLV 500G','17.00','UNITARIO','0','00000000'),('7501026004629','0','ROMA POLV 250G','9.50','UNITARIO','0','00000000'),('7501026005008','0','ZOTE ESC. 500G','33.00','UNITARIO','0','00000000'),('7501026005022','0','ZOTE ESC. 250G','17.00','UNITARIO','0','00000000'),('7501026005374','0','ZOTE BARRA BLANCO 400G','18.00','UNITARIO','0','00000000'),('7501026005404','0','ZOTE BARRA AZUL 400G','18.00','UNITARIO','0','00000000'),('7501026005510','0','CARISMA SUAVISNT 1L','22.00','UNITARIO','0','00000000'),('7501026005671','0','BARRA ZOTE 400G','12.00','UNITARIO','0','00000000'),('7501026005688','0','ZOTE BARRA ROSA 200G','9.00','UNITARIO','0','00000000'),('7501026010002','0','CARISMA LIQUI 1L','31.50','UNITARIO','0','00000000'),('7501026023033','0','CARISMA POLV 1KL','38.00','UNITARIO','0','00000000'),('7501026023040','0','CARISMA POLV 500G','20.00','UNITARIO','0','00000000'),('7501026026447','0','FOCA 250G','9.50','UNITARIO','0','00000000'),('7501026026546','0','FOCA POLV 1KL','36.00','UNITARIO','0','00000000'),('7501026026560','0','FOCA POLV 500G','18.00','UNITARIO','0','00000000'),('7501026026577','0','FOCA POLV 250G','9.50','UNITARIO','0','00000000'),('7501026027536','0','BLANCA N. POLV 1KL','34.00','UNITARIO','0','00000000'),('7501026027543','0','BLANCA N. POLV 500G','17.50','UNITARIO','0','00000000'),('7501026027550','0','BLAN.NIE POLVO 250G','9.50','UNITARIO','0','00000000'),('7501026027727','0','BRILOZA POLV 1KL','31.00','UNITARIO','0','00000000'),('7501026027734','0','BRILOZA POLV 500G','16.50','UNITARIO','0','00000000'),('7501026028007','0','FOCA LIQUI 1L','28.00','UNITARIO','0','00000000'),('7501026028045','0','BLANCA NIEVES LIQUI 1L','27.00','UNITARIO','0','00000000'),('7501026028304','0','ROMA LIQUI 1L','24.00','UNITARIO','0','00000000'),('7501026054501','0','BRILOZO LIMON 730 ML','27.00','UNITARIO','0','00000000'),('7501027209658','0','GARNIER TINTE 1PZ','48.00','UNITARIO','0','00000000'),('7501027236111','0','GARNIER TINTE 1PZ','48.00','UNITARIO','0','00000000'),('7501027254436','0','OBAO BOLITA 65GS','18.00','UNITARIO','0','00000000'),('7501027272706','0','OBAO BOLITA 65GS','18.00','UNITARIO','0','00000000'),('7501027286000','0','OBAO MEN B0LITA 65 GS ','18.00','UNITARIO','0','00000000'),('7501027286017','0','OBAO MEN B0LITA 65 GS ','18.00','UNITARIO','0','00000000'),('7501027286024','0','OBAO MEN B0LITA 65 GS ','18.00','UNITARIO','0','00000000'),('7501027293473','0','OBAO MEN B0LITA 65 GS ','18.00','UNITARIO','0','00000000'),('7501027513601','0','BIBERON EVENFLO 3-12M','17.50','UNITARIO','0','00000000'),('7501027513618','0','BIBERON EVENFLO 0-3M','15.00','UNITARIO','0','00000000'),('7501027554628','0','VASO EVENFLO 300ML ','47.00','UNITARIO','0','00000000'),('7501027873156','0','HINDS 230 ML','28.00','UNITARIO','0','00000000'),('7501027875778','0','HINDS 230 ML','28.00','UNITARIO','0','00000000'),('7501028832060','0','RESISTOL 5000USO GENERAL 21ML','31.00','UNITARIO','0','00000000'),('7501030418412','0','LECHE NITO 236ML','9.00','UNITARIO','0','00000000'),('7501030418504','0','PRINCIPE TUBO 210G','20.00','UNITARIO','0','00000000'),('7501030418528','0','TRIKI-TRAKES TUBO 215G','00.00','UNITARIO','0','00000000'),('7501030418542','0','CANELITAS TUBO 224G','22.00','UNITARIO','0','00000000'),('7501030418559','0','POLVORONES TUBO 310G','22.00','UNITARIO','0','00000000'),('7501030422310','0','PRINCIPE CYC 105G','13.00','UNITARIO','0','00000000'),('7501030431190','0','SUEVICREMAS FR 102G','00.00','UNITARIO','0','00000000'),('7501030431206','0','SUEVICREMAS CH 102G','00.00','UNITARIO','0','00000000'),('7501030444954','0','ANIMALITOS KARAMELO 200G','12.00','UNITARIO','0','00000000'),('7501030456124','0','MANTECADAS CHO TIA R 142.5G','17.00','UNITARIO','0','00000000'),('7501030456322','0','MANTECADAS TIA R 157.5G','16.00','UNITARIO','0','00000000'),('7501030457008','0','DORADITAS TIA R 58G.','6.00','UNITARIO','0','00000000'),('7501030458883','0','SALADAS LARA 233G','12.00','UNITARIO','0','00000000'),('7501030462859','0','PRINCIPE AVE 105G','13.00','UNITARIO','0','00000000'),('7501030472698','0','BIMBUNUELOS 6PZ 99G','34.00','UNITARIO','0','00000000'),('7501030473817','0','TARTINAS FRESA 78G','10.00','UNITARIO','0','00000000'),('7501030473824','0','PRINCIPE LIM 105G','13.00','UNITARIO','0','00000000'),('7501030473954','0','TARTINAS PINA','10.00','UNITARIO','0','00000000'),('7501030475521','0','MANTECADAS  VAINILLA 187G','18.00','UNITARIO','0','00000000'),('7501030482437','0','DELICIOSAS BETUNADAS 216G','16.00','UNITARIO','0','00000000'),('7501030489498','0','DELICIOSAS CON CHOCHITOS 216G','16.00','UNITARIO','0','00000000'),('7501030490951','0','POLVORONES 111G','13.00','UNITARIO','0','00000000'),('7501030491644','0','CANELITAS 90G','13.00','UNITARIO','0','00000000'),('7501031307210','0','JUMEX FRSH 600ML','11.00','UNITARIO','0','00000000'),('7501031307241','0','JUMEX FRSH 600ML','11.00','UNITARIO','0','00000000'),('7501031307678','0','JUMEX FRSH 400ML','7.00','UNITARIO','0','00000000'),('7501031307708','0','JUMEX FRSH 400ML','7.00','UNITARIO','0','00000000'),('7501032398071','0','ACTIVIA FRESA 225G ','11.00','UNITARIO','0','00000000'),('7501032398255','0','ACTIVIA CIRUELA PASAS 225G','11.00','UNITARIO','0','00000000'),('7501032900168','0','RAIDOLITOS 12 PZ','17.00','UNITARIO','0','00000000'),('7501032903596','0','RAID MAX 400ML','69.00','UNITARIO','0','00000000'),('7501032907495','0','BAYGON P MOT 400ML','50.00','UNITARIO','0','00000000'),('7501032907570','0','BAYGON CAS JAR 400ML','41.00','UNITARIO','0','00000000'),('7501032908157','0','MR MUSCULO WIND 750ML','37.00','UNITARIO','0','00000000'),('7501032915155','0','PLEDGE MUEBLE 378ML','57.50','UNITARIO','0','00000000'),('7501032915254','0','PLEDGE LIMP 432ML','56.00','UNITARIO','0','00000000'),('7501032925550','0','RAID BILLOS 400ML','65.00','UNITARIO','0','00000000'),('7501032925956','0','RAID CASA JARDI 400ML','60.00','UNITARIO','0','00000000'),('7501032940102','0','COLORFIEL NEGR','11.00','UNITARIO','0','00000000'),('7501032940201','0','COLORFIEL BLAN','11.00','UNITARIO','0','00000000'),('7501032940300','0','COLORFIEL CAFE','11.00','UNITARIO','0','00000000'),('7501033954061','0','ENSURE CHO 237ML','35.00','UNITARIO','0','00000000'),('7501033954078','0','ENSURE FRESA 237ML','35.00','UNITARIO','0','00000000'),('7501033954085','0','ENSURE VAINI 237ML','35.00','UNITARIO','0','00000000'),('7501035010260','1','VIU SANCHEZ 1L','67','UNITARIO','0','00000000'),('7501035012035','0','CUERVO REPOSADO 950ML','340.00','UNITARIO','0','00000000'),('7501035015043','0','OSO NEGRO GINEBRA IL','106.00','UNITARIO','0','00000000'),('7501035015203','0','OSO NEGRO VODKA .IL','90.00','UNITARIO','0','00000000'),('7501035904071','0','VEL ROSA 1L','50.00','UNITARIO','0','00000000'),('7501035905054','0','AJAX AMONIA 1L','31.00','UNITARIO','0','00000000'),('7501035906464','0','FABULOSO VARIEDAD 500ML','14.00','UNITARIO','0','00000000'),('7501035907737','0','AJAX AMONIA 1L','31.00','UNITARIO','0','00000000'),('7501035908017','0','AJAX FIBRA MET 5PZ','25.00','UNITARIO','0','00000000'),('7501035908116','0','MENNEN TALCO 100GS','27.00','UNITARIO','0','00000000'),('7501035908123','0','MENNEN TALCO 100GS','27.00','UNITARIO','0','00000000'),('7501035908239','0','ACEITE MENNEN50ML','15.00','UNITARIO','0','00000000'),('7501035908246','0','ACEITE MENNEN 100ML','22.00','UNITARIO','0','00000000'),('7501035910034','0','FABULOSO VARIEDAD 1L','22.50','UNITARIO','0','00000000'),('7501035910041','0','FABULOSO VARIEDAD 1L','22.50','UNITARIO','0','00000000'),('7501035910072','0','AJAX BICLORO 388G','21.00','UNITARIO','0','00000000'),('7501035910096','0','FABULOSO VARIEDAD 1L','22.50','UNITARIO','0','00000000'),('7501035911031','0','COLGATE BLANCA 100ML','32.00','UNITARIO','0','00000000'),('7501035911567','0','COLGATE BLANCA 50ML','16.00','UNITARIO','0','00000000'),('7501035914070','0','WILDROOT CLASICO 100ML ','24.50','UNITARIO','0','00000000'),('7501035919129','0','PALMOLIVE SHAM 400ML ','42.00','UNITARIO','0','00000000'),('7501037451054','0','HERBAL E.MOUSSE 239 ML','56.00','UNITARIO','0','00000000'),('7501037600070','0','EVEREADY 9V SUPER H ','29.50','UNITARIO','0','00000000'),('7501039121610','0','NUTRIOLI 850ML','31.00','UNITARIO','0','00000000'),('7501039121993','0','NUTRIOLI 400ML','16.50','UNITARIO','0','00000000'),('7501039122105','0','AVE 850ML','25.50','UNITARIO','0','00000000'),('7501039127285','0','NUTRIO. OLIVA 250ML','51.00','UNITARIO','0','00000000'),('7501041415905','0','TUNY ATUN AGUA 140G','16','UNITARIO','0','00000000'),('7501041415912','0','TUNY ATUN  ACEITE 140G','16','UNITARIO','0','00000000'),('7501041418777','0','TUNY ATUN AGUA 295G','34.5','UNITARIO','0','00000000'),('75010416','0','HINDS 90ML','14.50','UNITARIO','0','00000000'),('7501041941930','1','SAL DE UVAS PICOT 5G','3.00','UNITARIO','0','00000000'),('7501043700603','0','MADRI GRANADINA 1L','47.00','UNITARIO','0','00000000'),('7501045400846','0','DOLORES ATUN ACEITE 295G','38.00','UNITARIO','0','00000000'),('7501045400860','0','DOLORES ATUN AGUA 295G','38.00','UNITARIO','0','00000000'),('7501045401447','0','DOLRES ATUN VERDURA 140G','17.00','UNITARIO','0','00000000'),('7501045403144','0','DLRS ATUN AGUA 140G','18.00','UNITARIO','0','00000000'),('7501045403281','0','DLRS SARDINA 425G','29.00','UNITARIO','0','00000000'),('7501045403908','0','DOLOES ATUN ACEITE 133G','18.00','UNITARIO','0','00000000'),('7501045403915','0','DOLORES ATUN AGUA 133G','18.00','UNITARIO','0','00000000'),('75010478','0','RASTRILLO PERMA ','8.00','UNITARIO','0','00000000'),('7501048100163','0','CRISTAL GSOL 1L','29.00','UNITARIO','0','00000000'),('7501048100170','0','CRISTAL MAIZ 1L','33.00','UNITARIO','0','00000000'),('7501048100200','0','CRISTAL GSOL 500ML','15.00','UNITARIO','0','00000000'),('7501048100217','0','CRISTAL MAIZ 500ML','17.00','UNITARIO','0','00000000'),('7501048100248','0','CRISTAL GSOL 1.5L','43.00','UNITARIO','0','00000000'),('7501048100255','0','CRISTAL MAIZ 1.5L','49.00','UNITARIO','0','00000000'),('7501048102501','0','KARTAMUS 900ML','27.00','UNITARIO','0','00000000'),('7501048103515','0','SOYAPLUS 946ML','29.50','UNITARIO','0','00000000'),('7501048810017','0','CENTENARIO REPO 950ML ','320.00','UNITARIO','0','00000000'),('7501048810307','0','CENTENARIO PLATA 700 ML','268.00','UNITARIO','0','00000000'),('7501048810406','0','CENTENARIO AÑE 695 ML','452.00','UNITARIO','0','00000000'),('7501049401016','0','BOSCO VASO AZUL 5A 50PZ','16.00','UNITARIO','0','00000000'),('7501050420051','0','VELVET SERVILLETA 500PZ','36.00','UNITARIO','0','00000000'),('7501050420068','0','VELVET SERVILLETA 220PZ','19.00','UNITARIO','0','00000000'),('7501050420075','0','VELVET SERVILLETA 125PZ','10.00','UNITARIO','0','00000000'),('7501052410111','0','CAFE LEGAL','7.00','UNITARIO','0','00000000'),('7501052470016','0','CLEM J. CESAR 237ML','23.00','UNITARIO','0','00000000'),('7501052470030','0','CLEM J. ITALIANO 237ML','23.00','UNITARIO','0','00000000'),('7501052470061','0','CLEM J. MIL ISLAS 237ML','23.00','UNITARIO','0','00000000'),('7501052471006','0','CLEM J. CHICHAROS 220G','8.00','UNITARIO','0','00000000'),('7501052471013','0','CLEM J. CHICHAROS 420G','12.50','UNITARIO','0','00000000'),('7501052471020','0','CLEM J. CHICH ZANA 220G','9.00','UNITARIO','0','00000000'),('7501052472102','0','CLEM J. CATSUP 408G','13.00','UNITARIO','0','00000000'),('7501052472119','0','CLEM J. CATSUP 680G','28.5','UNITARIO','0','00000000'),('7501052472195','0','CLEM J. CATSUP 220G','9.00','UNITARIO','0','00000000'),('7501052474069','0','CLEM J. FRESA 270G','16.50','UNITARIO','0','00000000'),('7501052474076','0','CLEM J. FRESA 470G','29.00','UNITARIO','0','00000000'),('7501052475004','0','CLEM. VINAGRE BLACON 500ML','10.00','UNITARIO','0','00000000'),('7501052475011','0','CLEM J. VINAGLE BLA 1L','14.00','UNITARIO','0','00000000'),('7501052475066','0','CLEM J. VINAGLE BLA 3.7L','38.00','UNITARIO','0','00000000'),('7501052475202','0','CLEM J. VINAGLE MNZ 500ML','13.00','UNITARIO','0','00000000'),('7501055300075','0','COCA-COLA LATA 355ML','13.00','UNITARIO','0','00000000'),('7501055300594','0','COCA COLA 1.5L R','15.00','UNITARIO','0','00000000'),('7501055301287','0','COCA COLA 1L R','12.00','UNITARIO','0','00000000'),('7501055302451','0','COCA-COLA NR 1L','17.00','UNITARIO','0','00000000'),('7501055303724','0','FANTA NR 500ML','10.00','UNITARIO','0','00000000'),('7501055303731','127','FRESCA NR 500ML','10.00','UNITARIO','0','00000000'),('7501055303779','0','FANTA NR 600ML','13.00','UNITARIO','0','00000000'),('7501055303786','0','FRESCA NR 600ML','13.00','UNITARIO','0','00000000'),('7501055303878','0','FANTA NR 2L','21.00','UNITARIO','0','00000000'),('7501055303885','0','FRESCA NR 2L','21.00','UNITARIO','0','00000000'),('7501055304653','0','DELAWARE PUNCH 600ML','13.00','UNITARIO','0','00000000'),('7501055304721','0','CIEL 1.5L','14.00','UNITARIO','0','00000000'),('7501055305339','0','COCA-COLA LIGHT NR 600ML','13.00','UNITARIO','0','00000000'),('7501055305612','0','SPRITE NR 500ML','00.00','UNITARIO','0','00000000'),('7501055305629','0','SPRITE NR 600ML','00.00','UNITARIO','0','00000000'),('7501055305650','0','STRITE NR 2L','00.00','UNITARIO','0','00000000'),('7501055305681','0','CIEL AGUA 20L','0.00','UNITARIO','0','00000000'),('7501055307906','0','CIEL 600ML','11.00','UNITARIO','0','00000000'),('7501055310777','0','POWERADE CHU 600ML','19.00','UNITARIO','0','00000000'),('7501055310784','0','POWERADE CHU 600ML','19.00','UNITARIO','0','00000000'),('7501055310791','0','POWERADE CHU 600ML','19.00','UNITARIO','0','00000000'),('7501055310807','0','POWERADE CHU 600ML','19.00','UNITARIO','0','00000000'),('7501055310883','0','CIEL 1L','12.00','UNITARIO','0','00000000'),('7501055310968','0','COCA-COLA NR 450ML','10.00','UNITARIO','0','00000000'),('7501055311804','0','FRESCA NR 2.5L','28.00','UNITARIO','0','00000000'),('7501055311811','0','FANTA NR 2.5L','28.00','UNITARIO','0','00000000'),('7501055311828','0','SPRITE NR 2.5L','00.00','UNITARIO','0','00000000'),('7501055313594','0','COCA-COLA LATA 473ML','15.00','UNITARIO','0','00000000'),('7501055317653','0','POWERADE TAP 1L','22.00','UNITARIO','0','00000000'),('7501055317660','0','POWERADE TAP 1L','22.00','UNITARIO','0','00000000'),('7501055317677','0','POWERADE TAP 1L','22.00','UNITARIO','0','00000000'),('7501055317875','0','FUZETEA 600ML','14.00','UNITARIO','0','00000000'),('7501055330461','0','VALLE FRUT NR 2L','00.00','UNITARIO','0','00000000'),('7501055330683','0','VALLEFRUT NR 600ML','00.00','UNITARIO','0','00000000'),('7501055330690','0','VALLEFRUT NR 1L','00.00','UNITARIO','0','00000000'),('7501055333851','0','VALLE BOTE PLA 1L','21.00','UNITARIO','0','00000000'),('7501055333868','0','VALLE BOTE PLA 1L','21.00','UNITARIO','0','00000000'),('7501055333936','0','PULPY 400ML','13.00','UNITARIO','0','00000000'),('7501055335978','0','VALLE CARTN 250ML','8.00','UNITARIO','0','00000000'),('7501055339983','0','MUNDET NR 600ML','13.00','UNITARIO','0','00000000'),('7501055340002','0','MUNDET NR 2L','21.00','UNITARIO','0','00000000'),('7501055341344','0','COCA-COLA NR 355ML','8.00','UNITARIO','0','00000000'),('7501055342198','0','VALLEFRUT 355ML','6.00','UNITARIO','0','00000000'),('7501055343287','0','MUNDET NR 2.5L','28.00','UNITARIO','0','00000000'),('7501055343485','0','MUNDET NR 500ML','10.00','UNITARIO','0','00000000'),('7501055343546','0','MUNDET VIDRIO 500ML','9.00','UNITARIO','0','00000000'),('7501055343690','0','FUZETEA 600ML','14.00','UNITARIO','0','00000000'),('7501055345229','0','CIEL MINI 300ML','9.00','UNITARIO','0','00000000'),('7501055345267','0','CIEL MINI 300ML','9.00','UNITARIO','0','00000000'),('7501055345281','0','CIEL MINI 300ML','9.00','UNITARIO','0','00000000'),('7501055346745','0','FANTA NR 300ML','6.00','UNITARIO','0','00000000'),('7501055349043','0','VALLE BOTE PLA 1L','21.00','UNITARIO','0','00000000'),('7501055353026','0','SANTA C. CART 200ML','9.00','UNITARIO','0','00000000'),('7501055355310','0','COCA-COLA NR 250ML','7.00','UNITARIO','0','00000000'),('7501055356904','0','VALLE BOTE 237ML','9.00','UNITARIO','0','00000000'),('7501055356928','0','VALLE BOTE 237ML','9.00','UNITARIO','0','00000000'),('7501055357024','0','VALLE ANTIOX 237ML','12.00','UNITARIO','0','00000000'),('7501055357871','0','FRESCA  NR 300ML','6.00','UNITARIO','0','00000000'),('7501055357888','0','SPRITE NR 300ML','00.00','UNITARIO','0','00000000'),('7501055357895','0','MUNDET NR 300ML','6.00','UNITARIO','0','00000000'),('7501055358885','0','FUZETEA 600ML','14.00','UNITARIO','0','00000000'),('7501055358892','0','FUZETEA 600ML','14.00','UNITARIO','0','00000000'),('7501055365241','0','ISOLITE 500ML','18.00','UNITARIO','0','00000000'),('7501055366163','0','SPRITE VIDRIO 500ML','00.00','UNITARIO','0','00000000'),('7501055367443','0','PULPY 400ML','13.00','UNITARIO','0','00000000'),('7501056336394','0','SEDAL SHAM.350 ML','32','UNITARIO','0','00000000'),('7501056340025','0','SEDAL CREMA 300ML ','30','UNITARIO','0','00000000'),('7501056340100','0','SEDAL CREMA 300ML ','30','UNITARIO','0','00000000'),('7501056340117','0','SEDAL CREMA 300ML ','30','UNITARIO','0','00000000'),('7501056340124','0','SEDAL CREMA 300ML ','30','UNITARIO','0','00000000'),('7501056340131','0','SEDAL CREMA 300ML ','30','UNITARIO','0','00000000'),('7501056347307','0','SEDAL CREMA 300ML ','30','UNITARIO','0','00000000'),('7501056900168','0','BUBBALOO MORA AZUL 16,6G','4.00','UNITARIO','0','00000000'),('7501056903190','0','BUBBALOO PIK FUEGO 20,5G','4.00','UNITARIO','0','00000000'),('7501056910150','0','BUBBALOO  PALE 20PZ','63.50','UNITARIO','0','00000000'),('7501056913595','0','CLORETS 2S 60PZ','37.00','UNITARIO','0','00000000'),('7501058367129','0','SICO SAFETY','46.00','UNITARIO','0','00000000'),('7501058368126','1','SICO SENSITIVE','46.00','UNITARIO','0','00000000'),('7501058611062','0','CARNATION 360G','15.00','UNITARIO','0','00000000'),('7501058614131','0','GERBER JUNIOR 110G','12.00','UNITARIO','0','00000000'),('7501058614148','0','GERBER JUNIOR 110G','12.00','UNITARIO','0','00000000'),('7501058616470','0','DECAF 170G','80.00','UNITARIO','0','00000000'),('7501058616548','0','DOLCA 170G','57.00','UNITARIO','0','00000000'),('7501058617705','0','NESCAFE CLAS 225G','90.00','UNITARIO','0','00000000'),('7501058617873','0','LA LECHERA 387G','2.00','UNITARIO','0','00000000'),('7501058617903','0','NESQUIK  CHOCOLATE 14G ','4.00','UNITARIO','0','00000000'),('7501058618696','0','LA LECHERA SOBRE 190G','12.00','UNITARIO','0','00000000'),('7501058618917','0','NESCAFE OLLA 170G','52.00','UNITARIO','0','00000000'),('7501058618924','0','NESCAFE OLLA 46G','19.00','UNITARIO','0','00000000'),('7501058618931','0','NESCAFE OLLA 85G','31.00','UNITARIO','0','00000000'),('7501058620002','0','DOLCA 46G','21.00','UNITARIO','0','00000000'),('7501058620019','0','DOLCA 80G','37.00','UNITARIO','0','00000000'),('7501058620095','0','NESCA. CLASICO FRSC 60G','00.00','UNITARIO','0','00000000'),('7501058620101','0','NESCAFE CLAS 120G','60.00','UNITARIO','0','00000000'),('7501058620750','0','LA LECHERA SOBRE 90G','8.00','UNITARIO','0','00000000'),('7501058623324','0','CARLOS V STICK 8G','2.00','UNITARIO','0','00000000'),('7501058623348','0','CARLOS V 20 PIEZAS','26.00','UNITARIO','0','00000000'),('7501058625014','0','NIDAL BB E2 BOTE 800G','149.00','UNITARIO','0','00000000'),('7501058625182','0','NAN 1 360G','114.00','UNITARIO','0','00000000'),('7501058625199','0','NAN 2 360G','106.00','UNITARIO','0','00000000'),('7501058625212','0','NAN 1 720G','212.50','UNITARIO','0','00000000'),('7501058625229','0','NAN 2 720G','196.00','UNITARIO','0','00000000'),('7501058625267','0','NIDO KINDER BOTE 2.5K','286.00','UNITARIO','0','00000000'),('7501058626103','0','NIDO PRE ESC BOTE 1.5KG','186.00','UNITARIO','0','00000000'),('7501058626707','0','CORN FLAKES 80G','15.00','UNITARIO','0','00000000'),('7501058627216','0','NIDAL BB E1 BOTE 800G','161.00','UNITARIO','0','00000000'),('7501058628251','0','NIDAL BB E1 BOTE 350G','72.00','UNITARIO','0','00000000'),('7501058628268','0','NIDAL BB E2 BOTE 350G','72.00','UNITARIO','0','00000000'),('7501058628466','0','NECAFE DECAF 40G','22.00','UNITARIO','0','00000000'),('7501058628473','0','NECAFE DECAF 120G','66.00','UNITARIO','0','00000000'),('7501058628503','0','MAGGI SOYA TRA 140ML','14.00','UNITARIO','0','00000000'),('7501058629128','0','CAPPUCCINO ORIGINAL','7.00','UNITARIO','0','00000000'),('7501058629142','0','CAPPUCCINO VAINILLA','7.00','UNITARIO','0','00000000'),('7501058629166','0','CAPPUCCINO MOKA ','7.00','UNITARIO','0','00000000'),('7501058629708','0','NIDAL BB E1 BOLSA 120G','20.00','UNITARIO','0','00000000'),('7501058633354','0','CORN FLAKES NEST 530G','38.00','UNITARIO','0','00000000'),('7501058633378','0','NESQUIK 690G','52.00','UNITARIO','0','00000000'),('7501058637185','0','NIDAL BB E2 BOLSA 120G','19.00','UNITARIO','0','00000000'),('7501058638083','0','CARLOS V 18G','9.00','UNITARIO','0','00000000'),('7501058638885','0','CORN FLKS AMA NEST 420G','39.00','UNITARIO','0','00000000'),('7501058639431','0','NIDO GROW BOTE 1.5K','193.00','UNITARIO','0','00000000'),('7501058642127','0','COFFE MATTE LIQ 530G','28.00','UNITARIO','0','00000000'),('7501058642134','0','COFFE MATTE LIQ 530G','28.00','UNITARIO','0','00000000'),('7501058642172','0','COFFE MATTE LIQ 530G','28.00','UNITARIO','0','00000000'),('7501058642721','0','CARLOS V 30PZ','170.00','UNITARIO','0','00000000'),('7501058646392','0','LA LECHERA UNTA 325G','48.00','UNITARIO','0','00000000'),('7501058651266','0','CARLOS V CEREAL 300G','28.00','UNITARIO','0','00000000'),('7501058711656','0','AIR WICK 226G','27.00','UNITARIO','0','00000000'),('7501058711663','0','AIR WICK 226G','27.00','UNITARIO','0','00000000'),('7501058711670','0','AIR WICK 226G','27.00','UNITARIO','0','00000000'),('7501058711700','0','HARPIC 250ML','16.00','UNITARIO','0','00000000'),('7501058714596','0','VANISH BARRA BLAN 68G','11.00','UNITARIO','0','00000000'),('7501058715364','0','VANISH GEL MULT 420ML','16.00','UNITARIO','0','00000000'),('7501058716712','0','BRASSO FU NATU 60ML','53.00','UNITARIO','0','00000000'),('7501058751119','0','HARPIC MAX PO. 750ML','38.00','UNITARIO','0','00000000'),('7501058751195','0','VANISH GEL CRIS 900ML','41.00','UNITARIO','0','00000000'),('7501058752017','0','BRASSO GOLD 500ML','17.50','UNITARIO','0','00000000'),('7501058752079','0','BRASSO 900ML','14.00','UNITARIO','0','00000000'),('7501058752093','0','BRASSO 900ML','14.00','UNITARIO','0','00000000'),('7501058752130','0','BRASSO 900ML','14.00','UNITARIO','0','00000000'),('7501058753038','0','3EN1 ACEITE 240ML','43.50','UNITARIO','0','00000000'),('7501058754363','0','BRASSO 900ML','14.00','UNITARIO','0','00000000'),('7501058757463','0','VANISH GEL CRIS 435ML','20.00','UNITARIO','0','00000000'),('7501058799661','1','SICO PLAY','43.00','UNITARIO','0','00000000'),('7501059204102','0','MAGGI INGL TRA 140ML','23.00','UNITARIO','0','00000000'),('7501059211209','0','LA LECHERA 100G','10.00','UNITARIO','0','00000000'),('7501059223905','0','CHOCOLATE CRUNCH 40G','12.00','UNITARIO','0','00000000'),('7501059225350','0','NIDO KINDER BOTE 800G','107.00','UNITARIO','0','00000000'),('7501059225367','0','NIDO PRE ESC BOTE 800G','106.00','UNITARIO','0','00000000'),('7501059225411','0','NIDO KINDER BOTE 360G','51.00','UNITARIO','0','00000000'),('7501059242180','0','NIDO CRECE BOTE 840G','105.00','UNITARIO','0','00000000'),('7501059243873','0','CHEERIOS MIEL 480G','44.00','UNITARIO','0','00000000'),('7501059243880','0','CHEERIOS MAZA CANE 480G','44.00','UNITARIO','0','00000000'),('7501059278868','0','LA LECHERA APRE 335G','29.00','UNITARIO','0','00000000'),('7501059281950','0','NIDO CRECE BOTE 360G','47.00','UNITARIO','0','00000000'),('7501059289802','0','FITNNESS FRUT 350 G','40.00','UNITARIO','0','00000000'),('7501059290051','0','CONS.MATE MAGGI 22G ','4.00','UNITARIO','0','00000000'),('7501059296374','0','NESK. FRESA 357G','32.00','UNITARIO','0','00000000'),('7501061801047','0','CEPILLO INFANTIL DORALDENT ','6.00','UNITARIO','0','00000000'),('7501061810032','4','HILO DENTAL ','21.00','UNITARIO','3','00000000'),('7501064101205','0','CORONA MEGA 1.2L','35.00','UNITARIO','0','00000000'),('7501064191909','0','VICTORIA MEGA 1.2L','35.00','UNITARIO','0','00000000'),('7501065072146','0','HINDS 230 ML','28.00','UNITARIO','0','00000000'),('7501065076595','0','HINDS 400 ML ','39.00','UNITARIO','0','00000000'),('7501065076618','0','HINDS 400 ML ','39.00','UNITARIO','0','00000000'),('7501065628121','0','POMADA DE LA CAMPANA 19 G','12.00','UNITARIO','0','00000000'),('7501065628145','0','POMADA DE LA CAMPANA 35G','18.00','UNITARIO','0','00000000'),('7501065908841','0','ARIEL POLV 250G','12.00','UNITARIO','0','00000000'),('75010690','0','HINDS 90ML','14.50','UNITARIO','0','00000000'),('7501069210223','0','TRES EST HOT CA 1K','29.5','UNITARIO','0','00000000'),('7501069210766','0','ARROZENA 250G','10.00','UNITARIO','0','00000000'),('7501071307614','0','ISADORA FRIJOL CHIC 430G','21.00','UNITARIO','0','00000000'),('7501071307768','0','ISADORA FRIJOL CHOR 430G','24.50','UNITARIO','0','00000000'),('7501071307782','0','ISADORA FRIJOL VALL 430G','15.00','UNITARIO','0','00000000'),('7501071307799','0','ISADORA FRIJOL NEGR 430G','15.50','UNITARIO','0','00000000'),('7501071900129','0','CLOROX ORIG 930ML','11.00','UNITARIO','0','00000000'),('7501071900204','0','POETT 900ML','14.00','UNITARIO','0','00000000'),('7501071900280','0','POETT 900ML','14.00','UNITARIO','0','00000000'),('7501071900969','0','POETT 900ML','14.00','UNITARIO','0','00000000'),('7501071901287','0','POETT 900ML','14.00','UNITARIO','0','00000000'),('7501071901355','0','POETT 900ML','14.00','UNITARIO','0','00000000'),('7501071902086','0','CLOROX  ROPA 930ML','24.00','UNITARIO','0','00000000'),('7501071902093','0','CLOROX ROPA 1,89L','43.00','UNITARIO','0','00000000'),('7501071902314','0','CLOROX  ROPA 500ML','14.00','UNITARIO','0','00000000'),('7501071906466','0','POETT 900ML','14.00','UNITARIO','0','00000000'),('7501073025394','0','JERINGA 3ML','3.00','UNITARIO','0','00000000'),('7501073025493','0','JERINGA 5ML','3.50','UNITARIO','0','00000000'),('7501073411173','0','ABUELITA 6TAB','60.00','UNITARIO','0','00000000'),('7501077400050','0','MASECA 1K','17.00','UNITARIO','0','00000000'),('7501079400256','0','ORENDAI BLANCO 200ML','47.00','UNITARIO','0','00000000'),('7501079400287','0',' ORENDAI AMA 200ML','45.00','UNITARIO','0','00000000'),('7501079702817','0','D FUERTE. PURE 210G','6.00','UNITARIO','0','00000000'),('7501079702848','0','D FUERTE. PURE 1K','23.00','UNITARIO','0','00000000'),('7501079702855','0','D FUERTE. PURE 345G','10.00','UNITARIO','0','00000000'),('7501082700169','0','GEL ANTIBAC NUVEL 250ML ','36.00','UNITARIO','0','00000000'),('7501086454136','0','CEPILLO PRO PLUS 2X1 ','29.00','UNITARIO','0','00000000'),('7501088210037','0','CREMINO 24PZ','47.00','UNITARIO','0','00000000'),('7501096201546','0','STEVIA AZUCAR 30PZ','15.00','UNITARIO','0','00000000'),('7501102260017','0','VELAD. MEGA','15.00','UNITARIO','0','00000000'),('7501102260031','0','VELAD. MEGA','12.00','UNITARIO','0','00000000'),('7501102269041','0','VELAD. ECO CHIQ','15.00','UNITARIO','0','00000000'),('7501102269089','0','VELAD. ECO','53.00','UNITARIO','0','00000000'),('7501102269508','0','VELAD. FAROLITO ECO','25.00','UNITARIO','0','00000000'),('7501102280190','0','VELAD. FAROL','22.00','UNITARIO','0','00000000'),('7501102280206','0','VELAD. FAROLITO','22.00','UNITARIO','0','00000000'),('7501102280800','0','VELAD. FAROL. VASO','31.00','UNITARIO','0','00000000'),('7501102280824','0','VELAD. FAROLITO','22.00','UNITARIO','0','00000000'),('7501102290755','0','VELAD. FAROLITO','22.00','UNITARIO','0','00000000'),('7501102610003','0','KOLA LOKA 2G ','19.00','UNITARIO','0','00000000'),('7501102614001','0','KOLA LOKA GOTERO 3.5G','19.00','UNITARIO','0','00000000'),('7501102630001','0','PLASTI LOKA 20G','18.00','UNITARIO','0','00000000'),('7501124814168','0','THERAFLU NOCHE LIMON 14.88G','12.00','UNITARIO','0','00000000'),('7501124817725','0','THERAFLU TD RESF 14.875G ','12.00','UNITARIO','0','00000000'),('7501125103582','0','ELECTROLIT 625ML','20.00','UNITARIO','0','00000000'),('7501125104268','0','ELECTROLIT 625ML','20.00','UNITARIO','0','00000000'),('7501125104343','0','ELECTROLIT 625ML','20.00','UNITARIO','0','00000000'),('7501125104411','0','ELECTROLIT 625ML','20.00','UNITARIO','0','00000000'),('7501125104688','0','ELECTROLIT 625ML','20.00','UNITARIO','0','00000000'),('7501125104770','0','ELECTROLIT 1150ML','30.00','UNITARIO','0','00000000'),('7501125118562','0','ELECTROLIT 625ML','20.00','UNITARIO','0','00000000'),('7501125144851','0','ELECTROLIT 625ML','20.00','UNITARIO','0','00000000'),('7501125149221','0','ELECTROLIT 625ML','20.00','UNITARIO','0','00000000'),('7501125174803','0','ELECTROLIT 625ML','20.00','UNITARIO','0','00000000'),('7501126711212','0','HARINA TRIGO 1K','15.00','UNITARIO','0','00000000'),('7501130525096','0','MARIPOSA 32G','16.00','UNITARIO','0','00000000'),('7501130525133','0','MARIPOSA 32G','16.00','UNITARIO','0','00000000'),('7501130525294','0','MARIPOSA 32G','16.00','UNITARIO','0','00000000'),('7501151075020','0','7 LEGUAS REPO 750 ML','385.00','UNITARIO','0','00000000'),('7501181419511','0','CAFE CORDOBA','5.00','UNITARIO','0','00000000'),('7501184500025','0','PROGRESO 1K','32.00','UNITARIO','0','00000000'),('7501199400020','0','BREF DENSICLRO 1L','21.50','UNITARIO','0','00000000'),('7501199406664','0','PERSIL UNIVER POLV 500G','19.00','UNITARIO','0','00000000'),('7501199406671','0','PERSIL UNIV 900G','34.00','UNITARIO','0','00000000'),('7501199409771','0','PERSIL COLOR 500G','00.00','UNITARIO','0','00000000'),('7501199409801','0','PERSIL COLOR POLV 900G','31.00','UNITARIO','0','00000000'),('7501199412931','0','MAS OSCURA LIQUI 415ML','16.00','UNITARIO','0','00000000'),('7501199413006','0','MAS COLOR SOBRE 415ML','16.00','UNITARIO','0','00000000'),('7501199413280','0','MAS COLOR LIQUI 830ML','28.00','UNITARIO','0','00000000'),('7501199413297','0','MAS OSCURA LIQUI 830ML','28.00','UNITARIO','0','00000000'),('7501199413426','0','PERSIL LIQUI BOLS 830ML','26.00','UNITARIO','0','00000000'),('7501199413433','0','PERSIL LIQUI BOLS 830ML','26.00','UNITARIO','0','00000000'),('7501199414324','0','VIVA CLOROX POLV 500G','15.00','UNITARIO','0','00000000'),('7501199414416','0','VIVA CLOROX POLV 850G','25.00','UNITARIO','0','00000000'),('7501199416083','0','BREF DENSICLRO 1L','21.50','UNITARIO','0','00000000'),('7501199423418','0','CERA XTREME HOM 60G ','36.00','UNITARIO','0','00000000'),('7501199467139','0','TRANGIT PEGAMENTO PVC','19.5','UNITARIO','0','00000000'),('7501200480515','0','PRONTO FLAN 176G','10.00','UNITARIO','0','00000000'),('7501200482120','0','PRONTO GELATINA 84G','10.00','UNITARIO','0','00000000'),('7501200482137','0','PRONTO GELATINA 84G','10.00','UNITARIO','0','00000000'),('7501200482144','0','PRONTO GELATINA 84G','10.00','UNITARIO','0','00000000'),('7501200482151','0','PRONTO GELATINA 84G','10.00','UNITARIO','0','00000000'),('7501200482168','0','PRONTO GELATINA 84G','10.00','UNITARIO','0','00000000'),('7501200482236','0','PRONTO GELATINA ROMP 84G','12.00','UNITARIO','0','00000000'),('7501200483103','0','PRONTO HOT CA 500G','20.00','UNITARIO','0','00000000'),('7501200483127','0','PRONTO HOT CA 350G','17.00','UNITARIO','0','00000000'),('7501206657973','0','TRUPER GAS 220','39','UNITARIO','0','00000000'),('7501249722119','0','PROV. PIPIAN 125G','16.50','UNITARIO','0','00000000'),('7501295600638','0','SANTA C. CART 200ML','9.00','UNITARIO','0','00000000'),('7501295600713','0','SANTA C. CART 200ML','9.00','UNITARIO','0','00000000'),('7501299303047','0','CICLOFERON CREAM 2G ','52.00','UNITARIO','0','00000000'),('7501299303085','0','CICLOFERON COLOR PIEL 2G ','64.00','UNITARIO','0','00000000'),('7501310010619','0','PEGAMENTO TOP 3.5G','17.00','UNITARIO','0','00000000'),('7501341603002','0','ABRELATAS 149 MAPROSA','35.00','UNITARIO','0','00000000'),('7501367500255','0','PATO SALSA CH F 225G','10.00','UNITARIO','0','00000000'),('7501431201149','0','CONMX VASOTER#14 25PZ','14.00','UNITARIO','0','00000000'),('7501431201163','0','CONMX VASOTER#16 20PZ','12.00','UNITARIO','0','00000000'),('7501432001106','0','CHOCOLATE REY AMARGO','23.00','UNITARIO','0','00000000'),('7501438301897','0','GEL MOCO DE GORILA 200G ','26.00','UNITARIO','0','00000000'),('7501438310349','0','GEL MOCO GORILA 280G ','36.00','UNITARIO','0','00000000'),('7501438311124','0','GEL MOCO GORILA 270G ','36.00','UNITARIO','0','00000000'),('7501481603788','0','DON ROBERTO 700ML ','81.00','UNITARIO','0','00000000'),('7501487691413','0','PANASONIC CR2016','30.00','UNITARIO','0','00000000'),('7501506320171','0','CEPILLO DORALDENT ','6.00','UNITARIO','0','00000000'),('7501522692214','0','VELAD. MINI','5.00','UNITARIO','0','00000000'),('7501530300002','0','LA TIA VERDE 300ML','18.50','UNITARIO','0','00000000'),('7501530300026','0','LA TIA 360ML','12.00','UNITARIO','0','00000000'),('7501530300040','0','LA TIA 1L','24.00','UNITARIO','0','00000000'),('7501530300071','0','LA TIA SALSA CLA 1L','00.00','UNITARIO','0','00000000'),('7501531900140','0','BUN H. CUCHARA 25PZ','6.00','UNITARIO','0','00000000'),('7501531900928','0','MONARCA ROLLO 4PZ','26.00','UNITARIO','0','00000000'),('7501531900966','0','VILLA C. ARROZ 500G','14.5','UNITARIO','0','00000000'),('7501531901277','0','VILLA C. LENTEJA 50G','10','UNITARIO','0','00000000'),('7501553904935','0','VELA ROSA PARA PASTEL 24PZ','17.00','UNITARIO','0','00000000'),('7501553905598','0','VELA PARA PASTEL NUMERO','12.00','UNITARIO','0','00000000'),('7501676501011','0','TALPITA HARINA 1K','15','UNITARIO','0','00000000'),('7501676501127','0','TALPITA HARINA 500G','8','UNITARIO','0','00000000'),('75016777','0','BENSON&HEDGES MENTHOL 20','63.00','UNITARIO','0','00000000'),('750175202029','0','PUEBLO VIEJO REPO 750 ML ','272.00','UNITARIO','0','00000000'),('750175203026','0','PUEBLO VIEJO AÑE 750 ML ','418.00','UNITARIO','0','00000000'),('7501761810394','0','QUAKR AVENA BOTE 400G','24.00','UNITARIO','0','00000000'),('7501761810455','0','QUAKR AVENA 400G','15.00','UNITARIO','0','00000000'),('7501790901179','0','ESTRA.AFLOJA TODO 156ML  ','30.00','UNITARIO','0','00000000'),('7501821500432','0','WIESE PASTILLA BAÑO ','30.00','UNITARIO','0','00000000'),('7501839106268','0','OBAO MEN B0LITA 65 GS ','18.00','UNITARIO','0','00000000'),('7501861900803','0','M CAMP. PIMIENTA N 73G','32.50','UNITARIO','0','00000000'),('7501861901404','0','M CAMP. ABLANDA CA 145G','12.00','UNITARIO','0','00000000'),('7501868722064','0','VENE. ADEREZO 1KG','21.00','UNITARIO','0','00000000'),('75018795','0','HINDS 90ML','14.50','UNITARIO','0','00000000'),('7501943411449','0','KOTEX TOALL 10PZ','30.50','UNITARIO','0','00000000'),('7501943412200','0','PETALO ROLLO 4PZ','28.00','UNITARIO','0','00000000'),('7501943418318','0','KLEENBB CREMA 300ML ','30.00','UNITARIO','0','00000000'),('7501943418509','0','KOTEX TOALL 10PZ','20.00','UNITARIO','0','00000000'),('7501943421141','0','KOTEX TOALL 10PZ','20.00','UNITARIO','0','00000000'),('7501943424562','0','KOTEX TOALL 10PZ','16.00','UNITARIO','0','00000000'),('7501943424609','0','KOTEX TOALL 10PZ','16.00','UNITARIO','0','00000000'),('7501943431249','0','KOTEX PROTE 22PZ','16.00','UNITARIO','0','00000000'),('7501943433359','0','ABSORSEC CHI 40PZ','105.00','UNITARIO','0','00000000'),('7501943434622','0','SAVELASTIC CH 40PZ','130.00','UNITARIO','0','00000000'),('7501943441408','0','ABSORSEC JUM 14PZ','60.00','UNITARIO','0','00000000'),('7501943444928','0','SAVELASTIC M 40PZ','165.00','UNITARIO','0','00000000'),('7501943444942','0','SAVELASTIC G 40PZ','177.00','UNITARIO','0','00000000'),('7501943454941','0','HUGGIES TUALLITAS 80PZ','43.00','UNITARIO','0','00000000'),('7501943466364','0','PETALO SERVILLETAS 220PZ','27.50','UNITARIO','0','00000000'),('7501943473522','0','VOGUE SERVI TUA 1PZ','16.50','UNITARIO','0','00000000'),('7501943494220','0','KOTEX TOALL 12PZ','25.00','UNITARIO','0','00000000'),('7501943494244','0','KOTEX TOALL 8PZ','15.00','UNITARIO','0','00000000'),('7501943494268','0','KOTEX TOALL 10PZ','21.00','UNITARIO','0','00000000'),('75019860','0','CHICLETS YERBABUENA 2,8G ','1.00','UNITARIO','0','00000000'),('7501987560141','0','SILICON LIQIUIDO 100ML','21.00','UNITARIO','0','00000000'),('75019877','0','CHICLETS MENTA 2,8G','1.00','UNITARIO','0','00000000'),('75019884','0','CHICLETS FRUTAS 2,8G ','1.00','UNITARIO','0','00000000'),('7502001166066','0','BARMICIL 40G ','24.00','UNITARIO','0','00000000'),('7502004881232','0','DRYK. PAÑAL CH 14PZ','38.00','UNITARIO','0','00000000'),('7502004882567','0','DRYK. CHI 40PZ','92.00','UNITARIO','0','00000000'),('75021597','0','MARLBORO ROJO 100 20','63.00','UNITARIO','0','00000000'),('7502208800015','0','REYMA VASO 4A 50PZ','18.50','UNITARIO','0','00000000'),('7502208800022','0','REYMA VASO4CH 50PZ','15.50','UNITARIO','0','00000000'),('7502208800046','0','REYMA VASO#5 1/2 50PZ','17.00','UNITARIO','0','00000000'),('7502208800053','0','REYMA VASO#6 50PZ','19.00','UNITARIO','0','00000000'),('7502208800084','0','REYMA VASO#10 50PZ','22.50','UNITARIO','0','00000000'),('7502208800091','0','REYMA VASO#12 50PZ','23.50','UNITARIO','0','00000000'),('7502208800107','0','REYMA VASO#14 50PZ','26.00','UNITARIO','0','00000000'),('7502208800121','0','REYMA VASO 16L 25PZ','17.00','UNITARIO','0','00000000'),('7502208800145','0','REYMA CNTEN. 1L 25PZ','41.00','UNITARIO','0','00000000'),('7502208800152','0','REYMA CNTEN. 1/2L 25PZ','35.00','UNITARIO','0','00000000'),('7502208802132','0','REYMA TAPA GRND 25PZ','21.50','UNITARIO','0','00000000'),('7502208802255','0','PLATO REYM TERMICO 8LISO 20PZ','12.00','UNITARIO','0','00000000'),('7502208804945','0','REYMA CHARO855 BIO 50PZ','23.00','UNITARIO','0','00000000'),('7502208805041','0','REYMA CHARO835 50PZ','20.00','UNITARIO','0','00000000'),('7502208805201','0','REYMA PLATO PH6 25PZ','11.00','UNITARIO','0','00000000'),('7502208805225','0','REYMA PLA#006 25PZ','10.00','UNITARIO','0','00000000'),('7502208805263','0','REYMA PLATO 10LIS 25PZ','15.00','UNITARIO','0','00000000'),('7502208805928','0','REYMA VASO#8 BIO 50PZ','26.00','UNITARIO','0','00000000'),('7502208805935','0','REYMA VASO#10 BIO 50PZ','26.00','UNITARIO','0','00000000'),('7502208806772','0','REYMA PLA#006 BIO 25PZ','12.00','UNITARIO','0','00000000'),('7502214400056','0','COMPADE REPO DUO 750ML','54.00','UNITARIO','0','00000000'),('7502218382167','0','BIBERON PETIT 260ML','41.00','UNITARIO','0','00000000'),('7502221010729','0','DODYS TUALLITAS 80PZ','24.00','UNITARIO','0','00000000'),('7502221010811','0','DODYS TUALLITAS 80PZ','24.00','UNITARIO','0','00000000'),('7502221183881','0','BRUT ESPUMA A 200ML ','49.00','UNITARIO','0','00000000'),('7502221790010','0','ENCENDEDOR GIL','7.00','UNITARIO','0','00000000'),('7502222491084','0','OKO MULTIUSOS 400ML','48.00','UNITARIO','0','00000000'),('7502222491152','0','OKO CAS JAR 400ML','41.50','UNITARIO','0','00000000'),('7502222704191','0','PUEDLITO BOLINGA 960ML','35.00','UNITARIO','0','00000000'),('7502222704207','0','PUEBLITO 960ML','60.00','UNITARIO','0','00000000'),('7502223772250','0','CAPULLO 840ML','33.00','UNITARIO','0','00000000'),('7502223774018','0','INCA MANT. 500G','22.50','UNITARIO','0','00000000'),('7502223776012','0','ALADN. CACAUATE 340G','48.50','UNITARIO','0','00000000'),('7502224510165','0','SILICA SEDA PURE UVA 30ML','17.00','UNITARIO','0','00000000'),('7502224510189','0','SILICA MORA 30ML','17.00','UNITARIO','0','00000000'),('7502226232027','0','FIBRA MONARCA 2PZ','7.00','UNITARIO','0','00000000'),('7502226812687','0','ORBIT 4S MEGA 40PZ','60.00','UNITARIO','0','00000000'),('7502226812700','0','ORBIT 4S MEGA 40PZ','60.00','UNITARIO','0','00000000'),('7502226813844','0','ORBIT 4S MEGA 40PZ','60.00','UNITARIO','0','00000000'),('7502226814315','0','ORBIT 4S MEGA 40PZ','60.00','UNITARIO','0','00000000'),('7502226814988','0','LUCAS MUECAS 10PZ','51.00','UNITARIO','0','00000000'),('7502226815015','0','LUCAS MUECAS 10PZ','51.00','UNITARIO','0','00000000'),('7502226815022','0','LUCAS MUECAS CHAMOY 24G','6.00','UNITARIO','0','00000000'),('7502226815046','0','LUCAS MUECAS 10PZ','51.00','UNITARIO','0','00000000'),('7502226815053','0','LUCAS MUECAS CEREZA 24G','6.00','UNITARIO','0','00000000'),('7502226815077','0','LUCAS MUECAS 10PZ','51.00','UNITARIO','0','00000000'),('7502226815084','0','LUCAS MUECAS SANDIA 24G','6.00','UNITARIO','0','00000000'),('7502226815107','0','LUCAS MUECAS 10PZ','51.00','UNITARIO','0','00000000'),('7502226815114','0','LUCAS MUECAS PEPINO 24G','6.00','UNITARIO','0','00000000'),('7502226815145','0','LUCAS PANZON 38G','6.00','UNITARIO','0','00000000'),('7502226818528','0','LUCAS MUECAS 10PZ','51.00','UNITARIO','0','00000000'),('7502230948914','0','BUTTER TOFFEES 100PZ','53.50','UNITARIO','0','00000000'),('7502241360101','0','VAPE MAT  INSECTI ','46.00','UNITARIO','0','00000000'),('7502241360262','0','VAPE INSECTI 400ML','48.00','UNITARIO','0','00000000'),('7502241583432','0','FOCO GEOPOWER 10 W','24.00','UNITARIO','0','00000000'),('7502246423030','0','FIBRA COBRE','11.00','UNITARIO','0','00000000'),('7502247330054','0','BRAZIL G 40PZ','99.00','UNITARIO','0','00000000'),('7502247330931','0','PREMIER ROOLLO 4PZ','26.00','UNITARIO','0','00000000'),('7502247338586','0','BIG ROLL ROLLO 6PZ','50.00','UNITARIO','0','00000000'),('7502247338845','0','ROLLO SUELTO','9.00','UNITARIO','0','00000000'),('7502247339521','0','SOFT T. M 40PZ','110.00','UNITARIO','0','00000000'),('7502247339545','0','SOFT T. EXG 32PZ','110.00','UNITARIO','0','00000000'),('7502250341313','0','VITASILI MIEL AVE 100G','22','UNITARIO','0','00000000'),('7502251480592','0','AQUA NET 316ML','43.00','UNITARIO','0','00000000'),('7502252631115','0','GARANON 20','25.00','UNITARIO','0','00000000'),('75024635','0','CREMINO BICOLOR','3.00','UNITARIO','0','00000000'),('75025458','0','MAX AIR SPEARMINT 2,8G','1.00','UNITARIO','0','00000000'),('75025465','0','MAX AIR ICE BLUE 2,8G','1.00','UNITARIO','0','00000000'),('75025939','0','AXE BARRA 54 GS ','39.00','UNITARIO','0','00000000'),('75027766','0','PALL MALL ROJO 20','55.00','UNITARIO','0','00000000'),('75027803','0','PALL MALL EXACTO 20','50.00','UNITARIO','0','00000000'),('7503000138511','0','OLE ARROZ 1K','32.00','UNITARIO','0','00000000'),('7503000138528','0','OLE ARROZ 250G','8.00','UNITARIO','0','00000000'),('7503000399325','0','ALUJARA. ALUMINIO 140G','33.00','UNITARIO','0','00000000'),('7503000437195','0','19HERM. NARA 1.89L','10.00','UNITARIO','0','00000000'),('7503000437447','0','19HERM. UVA 1L','6.00','UNITARIO','0','00000000'),('7503000438420','0','19HERM. NARA 900ML','5.00','UNITARIO','0','00000000'),('7503000438543','0','19HERM. UVA 900ML','5.00','UNITARIO','0','00000000'),('7503001506234','0','RANCHO ESCONDIDO 3L','200.00','UNITARIO','0','00000000'),('7503001506647','0','EL MECATITO 5L','175.00','UNITARIO','0','00000000'),('7503001506821','0','REBELDE 750ML ','97.00','UNITARIO','0','00000000'),('7503001842076','0','TINTURA ANTISEPTICO 35ML','7.00','UNITARIO','0','00000000'),('7503002163504','0','CERA XTREME WET 60G ','36.00','UNITARIO','0','00000000'),('7503002319529','0','VANISH MULT 925ML','00.00','UNITARIO','0','00000000'),('7503002597552','0','BABY PETIT TUALLITAS 80PZ','23.50','UNITARIO','0','00000000'),('7503002597743','0','POMADA KURAMEX','7.00','UNITARIO','0','00000000'),('7503002597859','0','PALETA DE MIEL','1.50','UNITARIO','0','00000000'),('7503004624058','0','CUAL. PALILLOS 10CAJS','0.00','UNITARIO','0','00000000'),('7503005326098','0','AFLOJA TODO 100GS','40.00','UNITARIO','0','00000000'),('7503005405014','0','FC ESPONJA BAÑO 2PZ','13.00','UNITARIO','0','00000000'),('7503005405168','0','FC ESTROPAJO BAÑO','13.00','UNITARIO','0','00000000'),('7503005405328','0','FC ESPONJA PRE BAÑO 2PZ','15.00','UNITARIO','0','00000000'),('7503005509095','0','MOLINA VAINILLA 120ML','15.00','UNITARIO','0','00000000'),('7503006910821','0','CARE. NACHO JALA 3KL','60.00','UNITARIO','0','00000000'),('7503009110297','0','VAINILLA VERACRUZ 1L','19.5','UNITARIO','0','00000000'),('7503010449027','0','D GOYO. ADOBO 250G','18.00','UNITARIO','0','00000000'),('7503010449034','0','D GOYO ADOBO 170G','15.00','UNITARIO','0','00000000'),('7503010449041','0','D GOYO ADOBO 170G','15.00','UNITARIO','0','00000000'),('7503010449058','0','D GOYO ADOBO 170G','15.00','UNITARIO','0','00000000'),('7503010449065','0','D GOYO ADOBO 170G','15.00','UNITARIO','0','00000000'),('7503011268030','0','SOANERI GALL NUEZ 400GR','17.00','UNITARIO','0','00000000'),('7503011268139','0','SOANERI GALL GLAS 400GR','17.00','UNITARIO','0','00000000'),('7503011268184','0','SOANERI GALL CANE 400GR','17.00','UNITARIO','0','00000000'),('7503015640221','0','EMPK. PAPEL ENSE 180G','26.00','UNITARIO','0','00000000'),('7503015640245','0','PLATI EM. PLASTICO 75G','14.00','UNITARIO','0','00000000'),('7503015640399','0','GREAT Q. ALUMINIO 25G','8.00','UNITARIO','0','00000000'),('7503017282467','0','DRYK. PAÑAL G 14PZ','48.00','UNITARIO','0','00000000'),('7503017282474','0','DRYK. EXG 40PZ','134.00','UNITARIO','0','00000000'),('7503021931085','0','LEON BARRA 350G ROS','13.00','UNITARIO','0','00000000'),('7503023059077','0','MASTER TRAMP G 2PZ','36.00','UNITARIO','0','00000000'),('7503023059084','0','MASTER TRAMP CH 2PZ','17.00','UNITARIO','0','00000000'),('7503023468008','0','RINO CUCHARA M 25PZ','8.00','UNITARIO','0','00000000'),('7503023468022','0','RINO TENEDOR CH 50PZ','7.00','UNITARIO','0','00000000'),('7503023578110','0','DON PEDRO CLA 1L ','173.00','UNITARIO','0','00000000'),('7503023578295','0','DON PEDRO 200ML','37.00','UNITARIO','0','00000000'),('7503023652674','0','CONCENTRADO UVA 120G','29.00','UNITARIO','0','00000000'),('7503023652841','0','CONCENTRADO ROMPOPE 120ML','41.00','UNITARIO','0','00000000'),('7503024593242','0','50 AÑOS 750ML','60.00','UNITARIO','0','00000000'),('7503025725000','0','TOSTA. GR MARI ISA. 20PZ','17.00','UNITARIO','0','00000000'),('7503025725017','0','TOSTA. CH MARI ISA. 40PZ','23.00','UNITARIO','0','00000000'),('7503025725048','0','TOSTA. CH MARI ISA. 20PZ','15.00','UNITARIO','0','00000000'),('7503027214380','0','USB2.0','38.00','UNITARIO','0','00000000'),('75030841','0','PALETA GUDU POP 8,5G','3.00','UNITARIO','0','00000000'),('75031053','0','MARLBORO ICE XPRESS 20','63.00','UNITARIO','0','00000000'),('75034177','0','WINTERFRESH 13,5G','6.00','UNITARIO','0','00000000'),('75034184','0','DOUBLEMINT 13,5G','6.00','UNITARIO','0','00000000'),('75036492','0','LADY SPEED STICK FLOR 30ML','12.00','UNITARIO','0','00000000'),('75036508','0','SPEED STICK XTREME 24/7 30ML ','12.00','UNITARIO','0','00000000'),('7503655375036553','0','CERILLOS LA CENTRAL','2.00','UNITARIO','0','00000000'),('75038465','0','BOMBA CHILE','2.00','UNITARIO','0','00000000'),('75038489','0','PALETA MANITA  16G','2.00','UNITARIO','0','00000000'),('75038502','0','VERO SEMAFORO 16G','2.00','UNITARIO','0','00000000'),('75039868','0','PALL MALL FRESH 14','42.00','UNITARIO','0','00000000'),('7504004890252','0','ECO ALUMINIO 1170G','192.00','UNITARIO','0','00000000'),('75041557','0','CIGARROS GOL 20','37.00','UNITARIO','0','00000000'),('75041663','0','CAPULLO 400ML','16.50','UNITARIO','0','00000000'),('75041731','0','CHICLE ORBIT MENTA 5,6G','2.00','UNITARIO','0','00000000'),('75041748','0','CHICLES ORBIT POLAR 5,6G','6.00','UNITARIO','0','00000000'),('75042936','0','PALL MALL MENTHOL 14','42.00','UNITARIO','0','00000000'),('75042943','0','PALL MALL ROJO 14','42.00','UNITARIO','0','00000000'),('75043308','0','AXE BARRA 54 GS ','39.00','UNITARIO','0','00000000'),('7504482369561','0','VELA MAGICA NUMERO','12.00','UNITARIO','0','00000000'),('75045623','0','CHICLE TRIDENT MENTA 5,2G','2.00','UNITARIO','0','00000000'),('75045654','0','TRIDENT FRESA 5,2G','2.00','UNITARIO','0','00000000'),('75045685','0','TRIDENT MORA 5,2G','2.00','UNITARIO','0','00000000'),('75046521','0','LUCKY STRIKE CORTO 20','56.00','UNITARIO','0','00000000'),('75046545','0','LUCKY STRIKE ORIGINAL 25','63.00','UNITARIO','0','00000000'),('7504778725835','0','VELAD. SN JUDAS','12.00','UNITARIO','0','00000000'),('75048129','0','LUCKY STRIKE ORIGINAL 20','56.00','UNITARIO','0','00000000'),('75049232','1','MI ARROZ ROJO 17G ','5.00','UNITARIO','0','00000000'),('75049256','1','MI ARROZ BCO 12G ','5.00','UNITARIO','0','00000000'),('75050047','0','PALL MALL IBIZA 20','56.00','UNITARIO','0','00000000'),('75051938','0','BUBBALOO 5,5G ','1.00','UNITARIO','0','00000000'),('75051952','0','BUBBALOO MENTA 5,5G','1.00','UNITARIO','0','00000000'),('75051969','0','BUBBALOO MORA AZUL 5,5G ','1.00','UNITARIO','0','00000000'),('75051976','0','BUBBALOO PLATAN 5,5G','1.00','UNITARIO','0','00000000'),('75051983','0','BUBBALOO Y-RBABUENA 5,5G ','1.00','UNITARIO','0','00000000'),('75052836','0','PALL MALL TOKYO 20','56.00','UNITARIO','0','00000000'),('75053444','0','CHICLETS ','1.00','UNITARIO','0','00000000'),('75053765','0','MARLBORO REPOSADO 20','56.00','UNITARIO','0','00000000'),('75053901','0','DM CATSUP 320G','00.00','UNITARIO','0','00000000'),('75055530','0','SHAMPOO SEDAL 15G.','2.50','UNITARIO','0','00000000'),('75055790','0','CREMA P PEINAR SEDAL 10ML','2.50','UNITARIO','0','00000000'),('7505585674552','0','AGUA OXIGENADA 125ML','8.00','UNITARIO','0','00000000'),('75057992','0','CERILLOS FLAMA 50PZ ','2.00','UNITARIO','0','00000000'),('7506078959934','0','GARNIER TINTE 1PZ','48.00','UNITARIO','0','00000000'),('7506078972292','0','OBAO AERO 150 ML ','47.00','UNITARIO','0','00000000'),('7506086619646','0','MINI HUB 4 PUERTOS ','55.00','UNITARIO','0','00000000'),('7506105604448','0','TRIDENT TWIST MEN VAIN 17,1G','7.00','UNITARIO','0','00000000'),('7506105606053','0','TRIDENT MENTA 30,6G ','13.00','UNITARIO','0','00000000'),('7506105606060','0','TRIDENT YERBABUENA 30,6 G','13.00','UNITARIO','0','00000000'),('7506105606091','0','TRIDENT COOL BUBBLE 30,6G ','13.00','UNITARIO','0','00000000'),('7506105611187','0','MAX AIR 100PZ','0.00','UNITARIO','0','00000000'),('7506105611194','0','MAX AIR 100PZ','0.00','UNITARIO','0','00000000'),('7506174500450','0','CACAHUATE M Y MS 49,3G','14.00','UNITARIO','0','00000000'),('7506174500467','0','LUNETA M Y MS 47,9G','14.00','UNITARIO','0','00000000'),('7506174512200','0','MILKY WAY 48G','14.00','UNITARIO','0','00000000'),('7506174512217','0','MILKY WAY 6PACK','72.00','UNITARIO','0','00000000'),('7506174512248','0','SNICKERS 48G','14.00','UNITARIO','0','00000000'),('7506174512255','0','SNIKERS 6PACK','72.00','UNITARIO','0','00000000'),('7506174513894','0','LUCAS MUECAS TAMARINDO 24G','6.00','UNITARIO','0','00000000'),('75061777','0','PALLMALL TOKIO 14','42.00','UNITARIO','0','00000000'),('7506192501026','0','SABILE SHAM 750ML','34.00','UNITARIO','0','00000000'),('7506192501033','0','SABILE SHAM 750ML','34.00','UNITARIO','0','00000000'),('7506192501057','0','SABILE SHAM 750ML','34.00','UNITARIO','0','00000000'),('7506192502528','0','SABILE SHAM. 370ML','26.00','UNITARIO','0','00000000'),('7506192502535','0','SABILE SHAM. 370ML','26.00','UNITARIO','0','00000000'),('7506192502603','0','SABILE SHAM.180ML','12.00','UNITARIO','0','00000000'),('7506192503426','0','SABILE SHAM.180ML','12.00','UNITARIO','0','00000000'),('7506192503433','0','SHAMPOO SAVILE KERATINA 24 ML','2.50','UNITARIO','0','00000000'),('7506192504393','0','SABILE SHAM 750ML','34.00','UNITARIO','0','00000000'),('7506192504416','0','SABILE SHAM.180ML','12.00','UNITARIO','0','00000000'),('7506192504539','0','CERA EGO #MATE 25G','18.00','UNITARIO','0','00000000'),('7506192504591','0','BIO EXPERT 8ML ','2.50','UNITARIO','0','00000000'),('7506192505475','0','SAVILE BIOTINA 24 ML','2.50','UNITARIO','0','00000000'),('7506192505550','0','SABILE SHAM.180ML','12.00','UNITARIO','0','00000000'),('7506192505802','0','RIKO POLLO 33G ','5.00','UNITARIO','0','00000000'),('7506192506045','0','CERA EGO#MATTE 25G','18.00','UNITARIO','0','00000000'),('7506192506120','0','SABILE SHAM.180ML','12.00','UNITARIO','0','00000000'),('7506192506137','0','SHAMPOO SAVILE COLAGENO 24ML','2.50','UNITARIO','0','00000000'),('7506192506854','0','VIVE100 300ML','11.00','UNITARIO','0','00000000'),('7506192506953','0','VIVE100 500ML','14.00','UNITARIO','0','00000000'),('7506192507417','0','VIVE100 500ML','14.00','UNITARIO','0','00000000'),('7506192507462','0','SABIFRUT ORIGINAL','5.00','UNITARIO','0','00000000'),('7506192507493','0','SABIFRUT NARANJA 15G','5.00','UNITARIO','0','00000000'),('7506192507516','0','SABIFRUT JAMAICA 15 G','5.00','UNITARIO','0','00000000'),('7506192507530','0','SABIFRUT LIMON 15G','5.00','UNITARIO','0','00000000'),('7506192507820','0','SABIFRUT FRUTOS ROJOS15G','5.00','UNITARIO','0','00000000'),('7506192508001','0','VIVE100 500ML','14.00','UNITARIO','0','00000000'),('7506195148679','0','HEADY SHO 90ML ','15.00','UNITARIO','0','00000000'),('7506195148686','0','HEADY SHO 90ML ','15.00','UNITARIO','0','00000000'),('7506195155394','0','HERBAL E. ACONDI 300ML ','34.00','UNITARIO','0','00000000'),('7506195158739','0','NATURL. MANZAN 8PZ','15.00','UNITARIO','0','00000000'),('7506195160435','0','PANTENE SHAM.100ML','15.00','UNITARIO','0','00000000'),('7506195169995','0','SALVO POLV 1KL','32.00','UNITARIO','0','00000000'),('7506195178133','0','ALWAYS PROT TO. 10PZ','20.00','UNITARIO','0','00000000'),('7506195178188','0','ALWAYS NOCHE 8PZ','26.00','UNITARIO','0','00000000'),('7506195196984','0','SALVO LIQUIDO 300ML','00.00','UNITARIO','0','00000000'),('7506198121228','0','LAMPARA LED XTREME ','103.50','UNITARIO','0','00000000'),('7506205802355','0','CHOCO MILK 22G.','5.00','UNITARIO','0','00000000'),('7506205807589','0','CHOCO M. CHOCOM 160G','19.00','UNITARIO','0','00000000'),('7506205807596','0','CHOCO M. CHOCOM 350G','34.00','UNITARIO','0','00000000'),('7506205807633','0','CAL.C.12. CHOCOM 160G','19.50','UNITARIO','0','00000000'),('7506205807640','0','CAL.C.12. CHOCOM 350G','34.00','UNITARIO','0','00000000'),('7506205811395','0','CAL.C.TOSE 22G ','5.00','UNITARIO','0','00000000'),('7506240623915','0','CUCHILLO CEBOLLERO 7','30.00','UNITARIO','0','00000000'),('7506240635994','0','ENCENDEDOR PRETUL MULTI','30.00','UNITARIO','0','00000000'),('7506240636335','0','PETRUL GAS 216ML','31.50','UNITARIO','0','00000000'),('7506240636458','0','KLINTEK SEPILLO 1PZ','0.00','UNITARIO','0','00000000'),('75062897','0','REXONA BARRA 45 GS MUJER','36.00','UNITARIO','0','00000000'),('75062910','0','REXONA BARRA 45GS MUJER ','36.00','UNITARIO','0','00000000'),('75062941','0','REXONA BARRA 45 GS HOMBRE','36.00','UNITARIO','0','00000000'),('7506295326564','0','SHAMPOO PANTENE 2 EN 1 10G.','2.50','UNITARIO','0','00000000'),('7506295348443','0','M. LIMPIO POLV 1KL','34.00','UNITARIO','0','00000000'),('7506295369363','0','TAMPAX 8PZ','43.00','UNITARIO','0','00000000'),('7506306202955','0','ZEST 150G','13','UNITARIO','0','00000000'),('7506306203037','0','AXE AERO 150 ML ','44.00','UNITARIO','0','00000000'),('7506306203044','0','AXE AERO 150 ML ','44.00','UNITARIO','0','00000000'),('7506306204805','0','SEDAL CREMA 300ML ','30','UNITARIO','0','00000000'),('7506306204966','0','SEDAL SHAM.340 ML','32','UNITARIO','0','00000000'),('7506306205048','0','SEDAL CREMA 300ML ','30','UNITARIO','0','00000000'),('7506306205079','0','SEDAL SHAM.340 ML','32','UNITARIO','0','00000000'),('7506306206571','0','REXONA JABON 142G','18.00','UNITARIO','0','00000000'),('7506306208506','0','AXE AERO 150 ML ','44.00','UNITARIO','0','00000000'),('7506306210028','0','ZEST 150G','13','UNITARIO','0','00000000'),('7506306210097','0','EGO AERO 150ML ','35.00','UNITARIO','0','00000000'),('7506306210103','0','EGO AERO 150ML ','35.00','UNITARIO','0','00000000'),('7506306210134','0','SABILE CREMA 400ML','31.00','UNITARIO','0','00000000'),('7506306210141','0','SABILE CREMA 400ML','31.00','UNITARIO','0','00000000'),('7506306210530','0','SEDAL CREMA 300ML ','30','UNITARIO','0','00000000'),('7506306210578','0','SEDAL ACON.340ML ','32','UNITARIO','0','00000000'),('7506306212435','0','SEDAL MOUSSE 200ML','55','UNITARIO','0','00000000'),('7506306212473','0','SEDAL MOUSSE 200ML','55','UNITARIO','0','00000000'),('7506306213081','0','AXE AERO 150 ML ','44.00','UNITARIO','0','00000000'),('7506306213906','0','AXE AERO 150 ML ','44.00','UNITARIO','0','00000000'),('7506306214750','0','AXE AERO 150 ML ','44.00','UNITARIO','0','00000000'),('7506306215047','0','AXE AERO 150 ML ','44.00','UNITARIO','0','00000000'),('7506306215214','0','SEDAL CREMA 300ML ','30','UNITARIO','0','00000000'),('7506306215412','0','SAVILE LECHE DE COCO 24 ML','2.50','UNITARIO','0','00000000'),('7506306215498','0','EGO AERO 150ML ','35.00','UNITARIO','0','00000000'),('7506306226722','0','AXE AERO 150 ML ','44.00','UNITARIO','0','00000000'),('7506306233249','0','SEDAL CREMA 300ML ','30','UNITARIO','0','00000000'),('7506306234062','0','SEDAL CREMA 300ML ','30','UNITARIO','0','00000000'),('7506306237100','0','SEDAL ACON.340ML ','32','UNITARIO','0','00000000'),('7506306237261','0','SEDAL SHAM.340 ML','32','UNITARIO','0','00000000'),('7506306237285','0','SEDAL SHAM.340 ML','32','UNITARIO','0','00000000'),('7506306237308','0','SEDAL SHAM.340 ML','32','UNITARIO','0','00000000'),('7506306237339','0','SEDAL SHAM.340 ML','32','UNITARIO','0','00000000'),('7506306237421','0','SEDAL SHAM.340 ML','32','UNITARIO','0','00000000'),('7506306238404','0','ZEST 150G','13','UNITARIO','0','00000000'),('7506306307186','0','KNOR ARROZ BLA 155G','24.00','UNITARIO','0','00000000'),('7506306307193','0','KNOR ARROZ ESP 155G','27.00','UNITARIO','0','00000000'),('7506306307209','0','KNOR ARROZ MX 155G','27.00','UNITARIO','0','00000000'),('7506306307223','0','KNOR ARROZ TOMA 155G','24.00','UNITARIO','0','00000000'),('7506306312814','0','KNORR CAMARON 10,5G C/U','7.00','UNITARIO','0','00000000'),('7506306620377','0','AUDIFONOS FUSSION','40.00','UNITARIO','0','00000000'),('7506309803791','0','ACONDI PANTENE 12ML','2.50','UNITARIO','0','00000000'),('7506309806068','0','OLD SPICE GEL  80 ML ','52.00','UNITARIO','0','00000000'),('7506309837239','0','PANTENE CRE.160ML','21.00','UNITARIO','0','00000000'),('7506309873701','0','PANTENE SHAM.100ML','15.00','UNITARIO','0','00000000'),('7506309873725','0','SALVO PLUS LIQUI 300ML','19.00','UNITARIO','0','00000000'),('7506309893464','0','ALWAYS TOAL 10PZ','26.00','UNITARIO','0','00000000'),('7506309895208','0','NATURL. MANZAN 8PZ','17.00','UNITARIO','0','00000000'),('7506309898889','0','OLD SPICE AERO 150 ML ','46.00','UNITARIO','0','00000000'),('7506339320985','0','HERBAL E. ACONDI 300ML ','34.00','UNITARIO','0','00000000'),('7506339326468','0','HEADY SHO 90ML ','15.00','UNITARIO','0','00000000'),('7506339349016','0','OLD SPICE AERO 150 ML ','46.00','UNITARIO','0','00000000'),('7506339349047','0','OLD SPICE AERO 150 ML ','46.00','UNITARIO','0','00000000'),('7506339349115','0','OLD SPICE AERO 150 ML ','46.00','UNITARIO','0','00000000'),('7506339361742','0','CREST 3D 53ML','18.00','UNITARIO','0','00000000'),('7506339394917','0','DOWNY BRISA FRES 800ML','25.00','UNITARIO','0','00000000'),('75063726','0','CHESTERFIELD ORIGINAL 20','50.00','UNITARIO','0','00000000'),('75063801','0','CHESTERFIELD REMIX 20','50.00','UNITARIO','0','00000000'),('7506396116385','0','VELA PAYASO NUMERO','12.00','UNITARIO','0','00000000'),('7506425601790','0','KIMBIES TUALLITAS 90PZ','16.50','UNITARIO','0','00000000'),('7506425602759','0','DELSY SERVILLETA 100PZ','10.00','UNITARIO','0','00000000'),('7506425602766','0','DELSY SERVILLETA 20PZ','20.00','UNITARIO','0','00000000'),('7506425605330','0','VOGUE ROLLO 4PZ','35.00','UNITARIO','0','00000000'),('7506425606047','0','PETALO ROLLO 6PZ','46.00','UNITARIO','0','00000000'),('7506425607020','0','SAVELASTIC JUM 40PZ','195.00','UNITARIO','0','00000000'),('75064648','0','PALL MALL PEPINO 20','56.00','UNITARIO','0','00000000'),('75064716','0','LUCKY STRIKE ENIGMA 20','56.00','UNITARIO','0','00000000'),('75064747','0','MONTANA SHOTS 15','37.00','UNITARIO','0','00000000'),('75064754','0','MONTANA SHOTS 25','55.00','UNITARIO','0','00000000'),('75064761','0','PALL MALL EXACTO 15','37.00','UNITARIO','0','00000000'),('75064778','0','PALL MALL EXACTO 25','55.00','UNITARIO','0','00000000'),('75064853','0','EGO BARRA 45 GS ','32.00','UNITARIO','0','00000000'),('75064860','0','EGO BARRA 45 GS ','32.00','UNITARIO','0','00000000'),('75064884','0','EGO BARRA 45 GS ','32.00','UNITARIO','0','00000000'),('75064907','0','EGO BOLITA 45 ML ','22.00','UNITARIO','0','00000000'),('75066345','0','MARLBORO SUMMER 20','56.00','UNITARIO','0','00000000'),('75067137','0','BUBBALOO CEREZA 5,5G','1.00','UNITARIO','0','00000000'),('75067717','0','CHICLE TRIDENT YERB 6.5G','2.00','UNITARIO','0','00000000'),('75067823','0','CHESTERFIELD ORIGINAL 15','37.00','UNITARIO','0','00000000'),('75067854','0','CHESTERFIELD ORIGINAL 25','55.00','UNITARIO','0','00000000'),('75067960','0','PALL MALL PEPINO 14','42.00','UNITARIO','0','00000000'),('75068011','0','CLORETS PLUS 5,2G','2.00','UNITARIO','0','00000000'),('75068738','0','MALRBORO BLANCO 20','63.00','UNITARIO','0','00000000'),('75068776','0','BENSON&HEDGES GOLD','63.00','UNITARIO','0','00000000'),('75068783','0','MARLBORO RUBY 20','63.00','UNITARIO','0','00000000'),('75068844','0','MARLBORO BLANCO 14','47.00','UNITARIO','0','00000000'),('75069506','0','CHESTERFIELD ORIGINAL REMIX 20','50.00','UNITARIO','0','00000000'),('75069902','0','L & M 20','37.00','UNITARIO','0','00000000'),('75071295','0','PALL MALL MENTHOL 20','55.00','UNITARIO','0','00000000'),('7507736437658','0','PREMIER SECURITE','20.00','UNITARIO','0','00000000'),('7507736437665','0','PREMIER RIBBED','20.00','UNITARIO','0','00000000'),('7508006012025','0','BABY PETIT TUALLITAS 80PZ','23.50','UNITARIO','0','00000000'),('7509546000343','0','COLGATE TRIP A 100ML','24.00','UNITARIO','0','00000000'),('7509546000985','0','COLGATE TRIP A 75ML','17.00','UNITARIO','0','00000000'),('7509546006420','0','AJAX BICA 1L','36.00','UNITARIO','0','00000000'),('7509546007083','0','COLGATE TOTAL 50ML','16.00','UNITARIO','0','00000000'),('7509546008202','0','FABULOSO NARANJA 1L','22.50','UNITARIO','0','00000000'),('7509546008295','0','FABULOSO VARIEDAD 1L','22.50','UNITARIO','0','00000000'),('7509546015514','0','LADY  SPEED BARRA 45ML','38.00','UNITARIO','0','00000000'),('7509546015682','0','PALMOLIVE 2X1 20ML','2.50','UNITARIO','0','00000000'),('7509546016306','0','SUAVITEL MIXTO 850ML','22.00','UNITARIO','0','00000000'),('7509546016313','0','SUAVITEL MIXTO 850ML','22.00','UNITARIO','0','00000000'),('7509546017143','0','AXION LIQUIDO 400ML','18.00','UNITARIO','0','00000000'),('7509546017815','0','SUAVITEL MIXTO 450ML','16.00','UNITARIO','0','00000000'),('7509546043579','0','SUAVITEL MIXTO 850ML','22.00','UNITARIO','0','00000000'),('7509546044330','0','SUAVITEL MIXTO 450ML','16.00','UNITARIO','0','00000000'),('7509546044408','0','SUAVITEL MIXTO 450ML','16.00','UNITARIO','0','00000000'),('7509546045689','0','VEL ROSITA 450ML','00.00','UNITARIO','0','00000000'),('7509546050102','0','SUAVITEL MIXTO 850ML','22.00','UNITARIO','0','00000000'),('7509546051956','0','FABULOSO VARIEDAD 1L','22.50','UNITARIO','0','00000000'),('7509546054032','0','COLGATE LUMINUX 22ML','10.00','UNITARIO','0','00000000'),('7509546058962','0','CAPRICE SPRITE 316ML','39.00','UNITARIO','0','00000000'),('7509546058979','0','CAPRICE SPRITE 316ML','39.00','UNITARIO','0','00000000'),('7509546058986','0','CAPRICE SPRITE 316ML','39.00','UNITARIO','0','00000000'),('7509546059006','0','CAPRICE SPRITE 316ML','39.00','UNITARIO','0','00000000'),('7509546059013','0','CAPRICE SPRITE 316ML','39.00','UNITARIO','0','00000000'),('7509546062471','0','COLGATE LUMINUX 50ML','19.00','UNITARIO','0','00000000'),('7509546063447','0','LADY  SPEED AEROSOL 150ML','43.00','UNITARIO','0','00000000'),('7509546063461','0','LADY  SPEED AEROSOL 150ML','43.00','UNITARIO','0','00000000'),('7509546063515','0','LADY  SPEED AEROSOL 150ML','43.00','UNITARIO','0','00000000'),('7509546063850','0','LADY  SPEED AEROSOL 150ML','43.00','UNITARIO','0','00000000'),('7509546063997','0','SUAVITEL ACQUA 740 ML','00.00','UNITARIO','0','00000000'),('7509546064000','0','SUAVITEL LILAS 740 ML','00.00','UNITARIO','0','00000000'),('7509546064437','0','CAPRICE SPRITE 316ML','39.00','UNITARIO','0','00000000'),('7509546064703','0','STEFANO BARRA 60 GS','39','UNITARIO','0','00000000'),('7509546067506','0','SUAVITEL COMPLETE 800ML','23.00','UNITARIO','0','00000000'),('7509546067513','0','SUAVITEL COMPLETE 800ML','23.00','UNITARIO','0','00000000'),('7509546067544','0','SUAVITEL COMPLETE 800ML','23.00','UNITARIO','0','00000000'),('7509546067902','0','LADY  SPEED AEROSOL 150ML','43.00','UNITARIO','0','00000000'),('7509546067919','0','LADY  SPEED AEROSOL 150ML','43.00','UNITARIO','0','00000000'),('7509546068343','0','CAPRICE SPRITE 316ML','39.00','UNITARIO','0','00000000'),('7509546071152','0','LADY  SPEED AEROSOL 150ML','43.00','UNITARIO','0','00000000'),('7509546071534','0','LADY  SPEED AEROSOL 150ML','43.00','UNITARIO','0','00000000'),('7509546071909','0','LADY  SPEED AEROSOL 150ML','43.00','UNITARIO','0','00000000'),('7509546072340','0','CAPRICE SHAM.760ML ','35.00','UNITARIO','0','00000000'),('7509546072364','0','CAPRICE SHAM.760ML ','35.00','UNITARIO','0','00000000'),('7509546072395','0','CAPRICE SHAM.760ML ','35.00','UNITARIO','0','00000000'),('7509546072418','0','CAPRICE SHAM.760ML ','35.00','UNITARIO','0','00000000'),('7509546072708','0','CAPRICE SHAM.760ML ','35.00','UNITARIO','0','00000000'),('7509546072760','0','CAPRICE SHAM.760ML ','35.00','UNITARIO','0','00000000'),('7509546073132','0','CAPRICE SHAM. 380ML ','25.00','UNITARIO','0','00000000'),('7509546073156','0','CAPRICE SHAM. 380ML ','25.00','UNITARIO','0','00000000'),('7509546073217','0','FABULOSO COMPLETE 828ML','22.00','UNITARIO','0','00000000'),('7509546073224','0','FABULOSO COMPLETE 828ML','22.00','UNITARIO','0','00000000'),('7509546073743','0','STEFANO AERO 156 ML ','48','UNITARIO','0','00000000'),('7509546073767','0','STEFANO AERO 156 ML ','48','UNITARIO','0','00000000'),('7509546073781','0','STEFANO AERO 156 ML ','48','UNITARIO','0','00000000'),('7509546074078','0','AJAX PINO 1L','18.00','UNITARIO','0','00000000'),('7509546074627','0','PALMOLIBE JABON 150G','13.00','UNITARIO','0','00000000'),('7509546074634','0','PALMOLIBE JABON 150G','13.00','UNITARIO','0','00000000'),('7509546074641','0','PALMOLIBE JABON 150G','13.00','UNITARIO','0','00000000'),('7509546074658','0','PALMOLIBE JABON 150G','13.00','UNITARIO','0','00000000'),('7509546074665','0','PALMOLIBE JABON 150G','13.00','UNITARIO','0','00000000'),('7509546074672','0','PALMOLIBE JABON 150G','13.00','UNITARIO','0','00000000'),('7509546074696','0','PALMOLIBE JABON 150G','13.00','UNITARIO','0','00000000'),('7509546074702','0','PALMOLIBE JABON 150G','13.00','UNITARIO','0','00000000'),('7509546074726','0','PALMOLIBE JABON 150G','13.00','UNITARIO','0','00000000'),('7509546076171','0','AXION TOQUE CRE 640ML','36.00','UNITARIO','0','00000000'),('7509546076195','0','AXION TOQUE CRE 640ML','36.00','UNITARIO','0','00000000'),('7509546076218','0','AXION COMPLETE 640ML','38.00','UNITARIO','0','00000000'),('7509546077260','0','STEFANO AERO 113GS ','48','UNITARIO','0','00000000'),('7509546077277','0','STEFANO AERO 113GS ','48','UNITARIO','0','00000000'),('7509546077284','0','STEFANO AERO 113GS ','48','UNITARIO','0','00000000'),('7509546077581','0','CAPRICE SHAM. 380ML ','25.00','UNITARIO','0','00000000'),('7509546078632','0','CAPRICE SPRITE 150ML','25.00','UNITARIO','0','00000000'),('7509546078687','0','AJAX CITRONELA 1L','31.50','UNITARIO','0','00000000'),('7509546079158','0','SUAVITEL COMPLETE 800ML','23.00','UNITARIO','0','00000000'),('7509546654881','0','COLGATE BLANCA 75ML','19.00','UNITARIO','0','00000000'),('7509552624366','0','GARNIER TINTE 1PZ','48.00','UNITARIO','0','00000000'),('7509552624380','0','GARNIER TINTE 1PZ','48.00','UNITARIO','0','00000000'),('7509552839036','0','OBAO BOLITA 65GS','18.00','UNITARIO','0','00000000'),('7509552906165','0','OBAO AERO 150 ML ','47.00','UNITARIO','0','00000000'),('7509552909814','0','OBAO AERO 150 ML ','47.00','UNITARIO','0','00000000'),('7509552911633','0','OBAO AERO  150ML HOMBRE ','39.00','UNITARIO','0','00000000'),('7509552911640','0','OBAO AERO  150ML HOMBRE ','39.00','UNITARIO','0','00000000'),('7509552911664','0','OBAO AERO  150ML HOMBRE ','39.00','UNITARIO','0','00000000'),('7509552912975','0','OBAO AERO  150ML HOMBRE ','39.00','UNITARIO','0','00000000'),('7509552912982','0','OBAO MEN B0LITA 65 GS ','18.00','UNITARIO','0','00000000'),('7516095923023','0','DON BRONQUIO 220G ','25.00','UNITARIO','0','00000000'),('752216031094','0','JAGUAR VASO#8 50PZ','19.50','UNITARIO','0','00000000'),('752216031100','0','JAGUAR VASO#12 50PZ','23.00','UNITARIO','0','00000000'),('752216031117','0','JAGUAR VASO#16 50PZ','26.00','UNITARIO','0','00000000'),('752216071052','0','JAGUAR PLATO #2 20PZ','17.00','UNITARIO','0','00000000'),('752216081044','0','JAGUAR CHARO#66 50PZ','15.00','UNITARIO','0','00000000'),('752216085042','0','JAGUA. CUCHARA 25PZ','8.50','UNITARIO','0','00000000'),('752216095140','0','JAGUAR VASO#14 50PZ','24.00','UNITARIO','0','00000000'),('752216095157','0','JAGUAR VASO#10 50PZ','22.00','UNITARIO','0','00000000'),('752216095232','0','JAGUAR VASO#6 50PZ','18.00','UNITARIO','0','00000000'),('752216095553','0','JAGUAR VASO#16 25PZ','17.00','UNITARIO','0','00000000'),('757390107504','0','APULCO 750 ML','190.00','UNITARIO','0','00000000'),('757390927508','0','RANCHITO 960ML','60.00','UNITARIO','0','00000000'),('757528033330','0','LUNETAS RICOLINO 55G','10.00','UNITARIO','0','00000000'),('757528039073','0','CHOCORETAS 50G ','10.00','UNITARIO','0','00000000'),('757528039080','0','DULCI GOMAS 59,5G','10.00','UNITARIO','0','00000000'),('757528039097','0','GOMILOCAS DIENTES 55G','10.00','UNITARIO','0','00000000'),('757528039103','0','GOMILOCAS PINGUINOS 55G','10.00','UNITARIO','0','00000000'),('757528039110','0','KRANKY 50G','10.00','UNITARIO','0','00000000'),('757528039127','0','MORITAS 56G','10.00','UNITARIO','0','00000000'),('757528039134','0','PANDITAS CLASICOS 52,5G','10.00','UNITARIO','0','00000000'),('757528039189','0','PANDITAS ROJOS 52,5G','10.00','UNITARIO','0','00000000'),('757528039196','0','PASITAS RICOLINO 50G','10.00','UNITARIO','0','00000000'),('757528039240','0','ALMENDRAS RICOLINO 30G','10.00','UNITARIO','0','00000000'),('757528041311','0','CORONADO OBLEA14G','3.00','UNITARIO','0','00000000'),('7590002008898','0','HEAD SHOULDERS 10G.','2.50','UNITARIO','0','00000000'),('7590002036457','0','VICK PYRENA MIEL LIMON 10G ','11.00','UNITARIO','0','00000000'),('7590002040003','0','DOWNY PUREZA SIL 800ML','25.00','UNITARIO','0','00000000'),('7591066701015','0','XTREME3 SENSIBLE','14.00','UNITARIO','0','00000000'),('7591066711014','0','XTREME3 HAWALLAN ','16.00','UNITARIO','0','00000000'),('75917265','0','OLD SPICE BOLITA 50ML ','34.00','UNITARIO','0','00000000'),('759684031144','0','ACEITE DE COCO 120ML','36.00','UNITARIO','0','00000000'),('759684031182','0','ACEITE DE JOJOBA 120ML ','40.00','UNITARIO','0','00000000'),('759684154140','0','GEL ANTIBAC JALOMA 120ML','23.50','UNITARIO','0','00000000'),('759684271038','0','KIUTS COTONETES 20 PZ','3.00','UNITARIO','0','00000000'),('759684272103','0','COTONETES KIUTS 100PZ ','15.00','UNITARIO','0','00000000'),('759684313172','0','MERTODOL BLANCO 40ML','14.00','UNITARIO','0','00000000'),('759684315053','0','AGUA OXIGENADA 56ML','6.00','UNITARIO','0','00000000'),('759684901157','0','JALOMA VAINILLA 60ML','9.00','UNITARIO','0','00000000'),('759686064126','0','VERO CORAZ CHA 40PZ','63.00','UNITARIO','0','00000000'),('759686200098','0','PALETA TRABALENGUAS16G','2.00','UNITARIO','0','00000000'),('759686200104','0','VERO TRABALE 40PZ','54.00','UNITARIO','0','00000000'),('759686263680','0','RELLERINDO 11G ','1.00','UNITARIO','0','00000000'),('759686264120','0','VERO BROCHA 40PZ','53.00','UNITARIO','0','00000000'),('759686264687','0','SANDI BROCHAS 14G','2.00','UNITARIO','0','00000000'),('759686560499','0','VERO CORAZON 40PZ','63.00','UNITARIO','0','00000000'),('759686760172','0','VERO SEMAFORO 40PZ','61.00','UNITARIO','0','00000000'),('75968684368','0','PALETA MANGO','2.00','UNITARIO','0','00000000'),('761828223797','0','UMBRO AERO 175ML ','41','UNITARIO','0','00000000'),('761828223803','0','UMBRO AERO 175ML ','41','UNITARIO','0','00000000'),('7622210253323','0','TANG NARANJA 15G ','5.00','UNITARIO','0','00000000'),('7622210253408','0','TANG JAMAICA 15G ','5.00','UNITARIO','0','00000000'),('7622210253439','0','TANG MANGO 15G ','5.00','UNITARIO','0','00000000'),('7622210253507','0','TANG LIMON 15G ','5.00','UNITARIO','0','00000000'),('7622210253583','0','TANG HORCHATA 15G ','5.00','UNITARIO','0','00000000'),('7622210254436','0','TANG UVA 15G ','5.00','UNITARIO','0','00000000'),('7622210254511','0','TANG FRESA 15 G ','5.00','UNITARIO','0','00000000'),('7622210254610','0','TANG PINA 15 G ','5.00','UNITARIO','0','00000000'),('7622210255280','0','TANG MELON 15G  ','5.00','UNITARIO','0','00000000'),('7622210255341','1','TANG PINA COLADA 15G ','5.00','UNITARIO','0','00000000'),('7622210255648','0','TANG TAMARINDO 15G ','5.00','UNITARIO','0','00000000'),('7622210267818','0','HALLS MENTA 25,2G','6.00','UNITARIO','0','00000000'),('7622210267825','0','HALLS CEREZA 25,5G','6.00','UNITARIO','0','00000000'),('7622210267832','0','HALLS YERBABUENA 25,2 G','6.00','UNITARIO','0','00000000'),('7622210267856','0','HALLS MORA AZUL 25,5G','6.00','UNITARIO','0','00000000'),('7622210267863','0','HALLS MIEL 25,2G','6.00','UNITARIO','0','00000000'),('7622210416780','0','BUBBALOO 50PZ','38.00','UNITARIO','0','00000000'),('7622210416797','0','BUBBALOO 50PZ','38.00','UNITARIO','0','00000000'),('7622210416803','0','BUBBALOO 50PZ','38.00','UNITARIO','0','00000000'),('7622210416810','0','BUBBALOO 50PZ','38.00','UNITARIO','0','00000000'),('7622210427106','0','HALLS MENTOL EUCALIPTO 25,2G','6.00','UNITARIO','0','00000000'),('7622210461674','0','CHICLE TRIDENT FRESA 10,2G ','6.00','UNITARIO','0','00000000'),('7622210461704','0','CHICLE TRIDENT MENTA 10,2G ','6.00','UNITARIO','0','00000000'),('7622210461728','0','CHICLE TRAIDENT MORA 10,2G','6.00','UNITARIO','0','00000000'),('7622210461742','0','CHICLE TRIDENT YERB 10,2G','6.00','UNITARIO','0','00000000'),('7622210464774','0','TRIDENT XTRA CARE 16,32G','7.00','UNITARIO','0','00000000'),('7622210464798','0','TRIDEN YERBABUENA16,32G','7.00','UNITARIO','0','00000000'),('7622210464835','0','TRIDENT XTRA CARE COOL BUBBLE','7.00','UNITARIO','0','00000000'),('7622210595416','0','CLORETS PLUS 30,6G ','13.00','UNITARIO','0','00000000'),('7622210620989','0','CLORETS 4S 40PZ','61.00','UNITARIO','0','00000000'),('7622210829313','0','TANG GUAYABA 15 G ','5.00','UNITARIO','0','00000000'),('7622210938619','0','TRIDENT TWIST FREFRULIM13,3G','7.00','UNITARIO','0','00000000'),('7622300471873','0','JELLO FLAN 85G','00.00','UNITARIO','0','00000000'),('7702010631191','0','CEPILLO TRIPLE ACCION ','12.00','UNITARIO','0','00000000'),('7702018880409','0','PRESTOBARBA3 GILLETTE ','19.00','UNITARIO','0','00000000'),('7702018913619','0','GELLETTE GEL 82 G ','58.00','UNITARIO','0','00000000'),('7702035469151','0','LUBRIDERM CREMA 120ML','25.00','UNITARIO','0','00000000'),('7713042188690','1','ENCENDEDOR PUCC','10.00','UNITARIO','0','00000000'),('7713042188775','0','PREMIER TENTACION','20.00','UNITARIO','0','00000000'),('77204000112','0','DORADITAS 115G','8.00','UNITARIO','0','00000000'),('77204000396','0','TAPATIAS 130G','11.00','UNITARIO','0','00000000'),('77204001133','0','TOSCANA DOBLE 200G','17.00','UNITARIO','0','00000000'),('7791293022567','0','REXONA AERO MEN 150ML ','45.00','UNITARIO','0','00000000'),('7791293022598','0','REXONA AERO MEN 150ML ','45.00','UNITARIO','0','00000000'),('7791293022635','0','REXONA AERO MEN 150ML ','45.00','UNITARIO','0','00000000'),('7791293025780','0','AXE AERO 150 ML ','44.00','UNITARIO','0','00000000'),('7791293025797','0','AXE AERO 150 ML ','44.00','UNITARIO','0','00000000'),('7791293025803','0','AXE AERO 150 ML ','44.00','UNITARIO','0','00000000'),('7791293025810','0','AXE AERO 150 ML ','44.00','UNITARIO','0','00000000'),('7791293025827','0','AXE AERO 150 ML ','44.00','UNITARIO','0','00000000'),('7791293025865','0','AXE AERO 150 ML ','44.00','UNITARIO','0','00000000'),('7791293032153','0','AXE AERO 150 ML ','44.00','UNITARIO','0','00000000'),('7791293032269','0','REXONA AERO MEN 150ML ','45.00','UNITARIO','0','00000000'),('7791293032429','0','REXONA AERO 150 ML ','47.00','UNITARIO','0','00000000'),('7791293032436','0','REXONA AERO 150 ML ','47.00','UNITARIO','0','00000000'),('7791293032450','0','REXONA AERO 150 ML ','47.00','UNITARIO','0','00000000'),('7791293032979','0','AXE AERO 150 ML ','44.00','UNITARIO','0','00000000'),('7791293033198','0','REXONA AERO 150 ML ','47.00','UNITARIO','0','00000000'),('7791293035437','0','REXONA AERO 105  ML ','29.00','UNITARIO','0','00000000'),('7791293036045','0','REXONA AERO 150 ML ','47.00','UNITARIO','0','00000000'),('7802800719310','2','ZUKO NARANJA','5.00','UNITARIO','0','00000000'),('7802800719327','1','ZUKO DURAZNO','5.00','UNITARIO','0','00000000'),('7802800719334','1','ZUKO HORCHATA','5.00','UNITARIO','0','00000000'),('7802800719341','1','ZUKO FRESA','5.00','UNITARIO','0','00000000'),('7802800719358','0','ZUKO LIMON 15G ','5.00','UNITARIO','0','00000000'),('7802800719365','1','ZUKO PIÑA','5.00','UNITARIO','0','00000000'),('7802800719372','1','ZUKO JAMAICA','5.00','UNITARIO','0','00000000'),('7802800719389','0','ZUKO MANDARINA 15G','5.00','UNITARIO','0','00000000'),('7802800719396','2','ZUKO MANZANA','5.00','UNITARIO','0','00000000'),('7802800719402','0','ZUKO MELON 15G ','5.00','UNITARIO','0','00000000'),('7802800719419','1','ZUKO MANGO','5.00','UNITARIO','0','00000000'),('7802800719426','1','ZUKO TAMARINDO','5.00','UNITARIO','0','00000000'),('7802800719433','0','ZUKO PIÑA COLADA','5.00','UNITARIO','0','00000000'),('7802800719440','1','ZUKO GUAYABA','5.00','UNITARIO','0','00000000'),('7802800719457','1','ZUKO GUANABANA','5.00','UNITARIO','0','00000000'),('7802800719464','1','ZUKO UVA','5.00','UNITARIO','0','00000000'),('7802800719488','1','ZUKO COCO','5.00','UNITARIO','0','00000000'),('7802800719518','1','ZUKO SANDIA','5.00','UNITARIO','0','00000000'),('7802800727858','2','ZUKO PIÑADA','5.00','UNITARIO','1','00000000'),('78603752','0','TIC TAC NARANJA 16G','10.00','UNITARIO','0','00000000'),('78603769','0','TIC TAC MENTA 16G','10.00','UNITARIO','0','00000000'),('7891000248362','0','KITKAT NESTLE 41,5G','14.00','UNITARIO','0','00000000'),('7891024179420','0','COLGATE LUMINUX 250ML','48.00','UNITARIO','0','00000000'),('7891035040276','0','VANISH BARRA ROSA 68G','11.00','UNITARIO','0','00000000'),('7891150025998','0','DOVE BB 75G','20.00','UNITARIO','0','00000000'),('78923454','0','REXONA BOLITA 50 ML','33.00','UNITARIO','0','00000000'),('78924338','0','REXONA DESO. 50ML ','28.00','UNITARIO','0','00000000'),('78924345','0','REXONA DESO. 50ML ','28.00','UNITARIO','0','00000000'),('78924468','0','REXONA DESO. 50ML ','28.00','UNITARIO','0','00000000'),('78926523','0','REXONA DESO. 50ML ','28.00','UNITARIO','0','00000000'),('78934146','0','REXONA DESO. 50ML ','28.00','UNITARIO','0','00000000'),('789742230110','0','TICTAC CAJI. 12PZ','74.00','UNITARIO','0','00000000'),('789742895050','0','NUTELLA 350G','64.00','UNITARIO','0','00000000'),('7898024390107','0','FERRERO ROCHER 16PZ','110.00','UNITARIO','0','00000000'),('8000500143834','0','KINDER SORPRESA 8PZ','147.00','UNITARIO','0','00000000'),('8000500267035','0','KINDER DELICE CACAO 39G ','10.00','UNITARIO','0','00000000'),('80050094','0','KINDER MAXI CHOCOLATE 21G ','9.00','UNITARIO','0','00000000'),('80050315','0','KINDER CHOCOLATE 12,5G','5.00','UNITARIO','0','00000000'),('80432402870','0','PASSPORT 700ML ','148.00','UNITARIO','0','00000000'),('80516135199','0','LAMBRUSCO 187 ML','47.00','UNITARIO','0','00000000'),('80741244','0','HUEVO KINDER S 20G','20.00','UNITARIO','0','00000000'),('8410113000019','0','TORRES 5 700ML','205','UNITARIO','0','00000000'),('8410113000071','0','TORRES 10 700ML','290','UNITARIO','0','00000000'),('8410113000255','0','TORRES 10. 200ML','90','UNITARIO','0','00000000'),('8887549614002','0','PANASONIC CR2032','15.00','UNITARIO','0','00000000'),('8888021206074','7','ENERGIZER AA','13.00','UNITARIO','3','00000000'),('8888021206081','10','ENERGIZER AAA','14.00','UNITARIO','3','00000000'),('898058002288','0','PASADORES 35PZ','4.00','UNITARIO','0','00000000'),('8999002671962','0','ENERGIZER AA ','13.00','UNITARIO','0','00000000'),('8999002691311','0','EVEREADY GOLD AA','10.00','UNITARIO','0','00000000'),('91868011120214','0','ALUMEDD ALUMINIO 75G','8.00','UNITARIO','0','00000000'),('94331198697','0','GRANV. AVENA 35G','7.00','UNITARIO','0','00000000'),('94331198710','0','GRANV. AVENA 35G','7.00','UNITARIO','0','00000000'),('94331198734','0','GRANV. AVENA 35G','7.00','UNITARIO','0','00000000'),('94331198758','0','GRANV. AVENA 35G','7.00','UNITARIO','0','00000000'),('94331238744','0','GRANV. AVENA 35G','7.00','UNITARIO','0','00000000'),('94331375401','0','GRANV. AVENA 35G','7.00','UNITARIO','0','00000000'),('97339000016','0','TAMAZULA 140ML','7.5','UNITARIO','0','00000000'),('97339000023','0','TAMAZULA NEGRA 140ML','7.5','UNITARIO','0','00000000'),('97339000030','0','VALENTINA 1L','22.5','UNITARIO','0','00000000'),('97339000047','0','VALENTINA NEGRA 1L','24','UNITARIO','0','00000000'),('97339000054','0','VALENTINA 370ML','11','UNITARIO','0','00000000'),('97339000061','0','VALENTINA NEGRA 370ML','11.5','UNITARIO','0','00000000'),('97339000078','0','COSTA B. 1L','18.50','UNITARIO','0','00000000'),('97339000115','0','COSTA B. 1.5L','25.50','UNITARIO','0','00000000'),('97339000405','0','COSTA B. 4L','59.50','UNITARIO','0','00000000'),('99072000858','0','BIG ROLL ROLLO 4PZ','26.00','UNITARIO','0','00000000'),('99072102316','0','BRAZIL CH 40PZ','73.00','UNITARIO','0','00000000'),('99072102323','0','BRAZIL ME 40PZ','91.00','UNITARIO','0','00000000'),('99072102330','0','BRAZIL EXG 40PZ','103.00','UNITARIO','0','00000000'),('AAAAAAAAAAAAAAAA','0','ÑÑÑÑÑÑ','1.00','UNITARIO','0','00000000'),('AGRANEL0','0','AGR. CORN FLAKES 205G','10.00','UNITARIO','0','00000000'),('AGRANEL1','0','AGR. FROT LOOPS 185G','10.00','UNITARIO','0','00000000'),('AGRANEL2','0','AGR. FROT LOOPS 280G','15.00','UNITARIO','0','00000000'),('AGRANEL3','0','AGR. ZUCARITAS 170G','10.00','UNITARIO','0','00000000'),('AGRANEL4','0','AGR. ZUCARITAS 270G','15.00','UNITARIO','0','00000000'),('AGRANEL5','0','AGR. CHOCO CRISP 155G','10.00','UNITARIO','0','00000000'),('AGRANEL6','0','AGR. CHOCO CRISP 240G','15.00','UNITARIO','0','00000000'),('AGRANEL7','0','AGR. GALLETA ANIMA 250G','9.00','UNITARIO','0','00000000'),('ALFILER','0','ALFILER CHICO','0.50','UNITARIO','0','00000000'),('CEBOLLA','0','CEBOLLA','0.00','AGRANEL','0','00000000'),('COMICION','0','%ComicionTarjetaMonto$','3.00','SERVICIO','0','00000000'),('COMIDA AGRANEL','0','LONGANIZA','70.00','AGRANEL','0','00000000'),('ESP','0','SPE1','1.00','UNITARIO','0','00000000'),('GASAS','0','GASA','1.00','UNITARIO','0','00000000'),('HIGIENE','0','CORTA U~AS','9.00','UNITARIO','0','00000000'),('identificador','0','nombre','precio','UNITARIO','0','00000000'),('MEDICINA','0','BIO ELECTRO','4.00','UNITARIO','0','00000000'),('PAN','0','VIROTE NOCHE','8.00','UNITARIO','0','00000000'),('PAPA','0','PAPA','0.00','AGRANEL','0','00000000'),('PILA 1','0','EVEREADY PAR AAA','14.00','UNITARIO','0','00000000'),('PILA 2','0','EVEREADY PAR AA','12.00','UNITARIO','0','00000000'),('PILA 3','0','EVEREADY C','10.00','UNITARIO','0','00000000'),('PILA 4','0','EVEREADY D','10.00','UNITARIO','0','00000000'),('PRO1','0','MICA SAL T. BLANCA','18.00','UNITARIO','0','00000000'),('QUESOAGRANEL','0','QUESO AGRANEL','120.00','UNITARIO','0','00000000'),('SERRANO','0','SERRANO','50.00','AGRANEL','0','00000000'),('te','0','ffff','68','UNITARIO','0','00000000'),('TORTA','0','TORTA DE LOMO','17.00','UNITARIO','0','00000000'),('TOSTADA0','0','TOSTA. MD D TINA','16.00','UNITARIO','0','00000000'),('TOSTADA1','0','TOSTA. GR D TINA','32.00','UNITARIO','0','00000000'),('TOSTADA2','0','TOSTA. CH DIANA PCK GR','21.00','UNITARIO','0','00000000'),('TOSTADA3','0','TOSTA. CH ZAPOTLAN 360GR','29.00','UNITARIO','0','00000000'),('TOSTADA5','0','TOSTA. CH D TINA','16.00','UNITARIO','0','00000000'),('VERDURA','0','PLATANO','16.00','AGRANEL','0','00000000'),('VERDURA Y FRUTA','0','VERDURA Y FRUTA','100.00','AGRANEL','0','00000000'),('ZANAHORIA','0','ZANAHORIA','0.00','AGRANEL','0','00000000');
/*!40000 ALTER TABLE `producto` ENABLE KEYS */;
UNLOCK TABLES;

--
-- Table structure for table `salidas`
--

DROP TABLE IF EXISTS `salidas`;
/*!40101 SET @saved_cs_client     = @@character_set_client */;
/*!40101 SET character_set_client = utf8 */;
CREATE TABLE `salidas` (
  `id_salida` int(11) NOT NULL AUTO_INCREMENT,
  `empleado_salida` varchar(15) NOT NULL,
  `fecha_salida` varchar(50) NOT NULL,
  `motivo_salida` varchar(50) NOT NULL,
  `monto_salida` varchar(10) NOT NULL,
  `status_salida` varchar(15) NOT NULL DEFAULT 'FINALIZADO',
  PRIMARY KEY (`id_salida`)
) ENGINE=InnoDB AUTO_INCREMENT=9 DEFAULT CHARSET=utf8mb4;
/*!40101 SET character_set_client = @saved_cs_client */;

--
-- Dumping data for table `salidas`
--

LOCK TABLES `salidas` WRITE;
/*!40000 ALTER TABLE `salidas` DISABLE KEYS */;
INSERT INTO `salidas` (`id_salida`, `empleado_salida`, `fecha_salida`, `motivo_salida`, `monto_salida`, `status_salida`) VALUES (3,'ADMINISTRADOR','15 de mayo del 2020','pago gamesa','100.00','FINALIZADO'),(4,'ADMINISTRADOR','16 de mayo del 2020','pago gamessa','500.00','FINALIZADO'),(5,'ADMINISTRADOR','22 de mayo del 2020','sello rojo','789.00','FINALIZADO'),(6,'ADMINISTRADOR','26 de mayo del 2020','barcel','563.50','FINALIZADO'),(7,'ADMINISTRADOR','26 de mayo del 2020','leche los cuates','684.50','FINALIZADO'),(8,'ADMINISTRADOR','17 de junio del 2020','pago javier','1500.00','FINALIZADO');
/*!40000 ALTER TABLE `salidas` ENABLE KEYS */;
UNLOCK TABLES;

--
-- Table structure for table `usuarios`
--

DROP TABLE IF EXISTS `usuarios`;
/*!40101 SET @saved_cs_client     = @@character_set_client */;
/*!40101 SET character_set_client = utf8 */;
CREATE TABLE `usuarios` (
  `id_usuario` int(11) NOT NULL AUTO_INCREMENT,
  `nombre_usuario` varchar(15) NOT NULL,
  `contra_usuario` varchar(15) NOT NULL,
  `empleado_usuario` varchar(50) NOT NULL,
  `contacto_usuario` text DEFAULT NULL,
  PRIMARY KEY (`id_usuario`)
) ENGINE=InnoDB AUTO_INCREMENT=15 DEFAULT CHARSET=latin1;
/*!40101 SET character_set_client = @saved_cs_client */;

--
-- Dumping data for table `usuarios`
--

LOCK TABLES `usuarios` WRITE;
/*!40000 ALTER TABLE `usuarios` DISABLE KEYS */;
INSERT INTO `usuarios` (`id_usuario`, `nombre_usuario`, `contra_usuario`, `empleado_usuario`, `contacto_usuario`) VALUES (1,'ADMINISTRADOR','tavo','Gustabo',''),(14,'CARLOS','carlos1234','carlos guzman encarnacion','');
/*!40000 ALTER TABLE `usuarios` ENABLE KEYS */;
UNLOCK TABLES;

--
-- Table structure for table `venta`
--

DROP TABLE IF EXISTS `venta`;
/*!40101 SET @saved_cs_client     = @@character_set_client */;
/*!40101 SET character_set_client = utf8 */;
CREATE TABLE `venta` (
  `id_venta` int(11) NOT NULL AUTO_INCREMENT,
  `total_venta` varchar(15) DEFAULT NULL,
  `cajero_venta` varchar(50) DEFAULT NULL,
  `fecha_venta` varchar(50) DEFAULT NULL,
  `hora_venta` varchar(15) DEFAULT NULL,
  `pago_venta` varchar(12) DEFAULT NULL,
  `status_venta` varchar(12) NOT NULL DEFAULT 'PROCESO',
  `cambio_venta` varchar(50) NOT NULL DEFAULT 'NA',
  PRIMARY KEY (`id_venta`)
) ENGINE=InnoDB AUTO_INCREMENT=253 DEFAULT CHARSET=utf8mb4;
/*!40101 SET character_set_client = @saved_cs_client */;

--
-- Dumping data for table `venta`
--

LOCK TABLES `venta` WRITE;
/*!40000 ALTER TABLE `venta` DISABLE KEYS */;
INSERT INTO `venta` (`id_venta`, `total_venta`, `cajero_venta`, `fecha_venta`, `hora_venta`, `pago_venta`, `status_venta`, `cambio_venta`) VALUES (1,'13.50','ADMINISTRADOR','13 de mayo del 2020','02:41:00 AM','EFECTIVO','FINALIZADA','NA'),(200,'13.50','ADMINISTRADOR','13 de mayo del 2020','10:34:56 AM','EFECTIVO','FINALIZADA','NA'),(201,'13.50','Iniciar sesión','13 de mayo del 2020','10:57:11 AM','PAUSA','CANCELAR','NA'),(202,'13.50','ADMINISTRADOR','13 de mayo del 2020','06:31:56 PM','EFECTIVO','FINALIZADA','NA'),(203,'13.50','ADMINISTRADOR','14 de mayo del 2020','01:18:20 AM','EFECTIVO','FINALIZADA','NA'),(204,'39.50','ADMINISTRADOR','14 de mayo del 2020','07:14:36 PM','EFECTIVO','FINALIZADA','NA'),(205,'13.50','ADMINISTRADOR','15 de mayo del 2020','01:10:04 AM','EFECTIVO','FINALIZADA','PAGO:$50 CAMBIO:$ 36.50'),(206,'150.00','ADMINISTRADOR','15 de mayo del 2020','01:21:21 AM','EFECTIVO','FINALIZADA','PAGO:$200 CAMBIO:$ 50.00'),(207,'105.00','ADMINISTRADOR','15 de mayo del 2020','04:59:41 AM','EFECTIVO','FINALIZADA','NA'),(208,'40.00','ADMINISTRADOR','16 de mayo del 2020','08:41:44 AM','PAUSA','CANCELAR','NA'),(209,'9.00','ADMINISTRADOR','16 de mayo del 2020','02:54:53 PM','PAUSA','CANCELAR','NA'),(210,'11.00','ADMINISTRADOR','16 de mayo del 2020','06:47:02 PM','EFECTIVO','FINALIZADA','NA'),(211,'35.00','ADMINISTRADOR','16 de mayo del 2020','06:51:13 PM','EFECTIVO','FINALIZADA','PAGO:$100 CAMBIO:$ 65.00'),(212,'42.00','ADMINISTRADOR','16 de mayo del 2020','07:05:33 PM','EFECTIVO','FINALIZADA','PAGO:$50 CAMBIO:$ 8.00'),(213,'63.00','ADMINISTRADOR','16 de mayo del 2020','07:08:26 PM','EFECTIVO','FINALIZADA','PAGO:$100 CAMBIO:$ 37.00'),(214,'101.85','ADMINISTRADOR','16 de mayo del 2020','07:31:56 PM','TARJETA','FINALIZADA','PAGO:$500 CAMBIO:$ 403.00'),(215,'28.02','ADMINISTRADOR','16 de mayo del 2020','07:36:31 PM','EFECTIVO','FINALIZADA','PAGO:$100 CAMBIO:$ 71.97'),(216,'23.00','ADMINISTRADOR','16 de mayo del 2020','07:48:35 PM','EFECTIVO','FINALIZADA','PAGO:$100 CAMBIO:$ 77.00'),(217,'23.00','ADMINISTRADOR','17 de mayo del 2020','12:26:58 PM','EFECTIVO','FINALIZADA','PAGO:$100 CAMBIO:$ 77.00'),(218,'48.30','ADMINISTRADOR','17 de mayo del 2020','12:27:56 PM','TARJETA','FINALIZADA','PAGO:$46 CAMBIO:$ 0.00'),(219,'1952.50','ADMINISTRADOR','17 de mayo del 2020','04:03:25 PM','EFECTIVO','FINALIZADA','PAGO:$2222 CAMBIO:$ 269.50'),(220,'83.00','ADMINISTRADOR','17 de mayo del 2020','06:40:10 PM','EFECTIVO','FINALIZADA','PAGO:$100 CAMBIO:$ 17.00'),(221,'20.00','ADMINISTRADOR','17 de mayo del 2020','07:00:02 PM','EFECTIVO','FINALIZADA','PAGO:$30 CAMBIO:$ 10.00'),(222,'87.00','ADMINISTRADOR','18 de mayo del 2020','06:46:14 PM','EFECTIVO','FINALIZADA','PAGO:$100 CAMBIO:$ 13.00'),(223,'63.00','ADMINISTRADOR','18 de mayo del 2020','08:00:04 PM','EFECTIVO','FINALIZADA','PAGO:$500 CAMBIO:$ 437.00'),(224,'160.00','ADMINISTRADOR','19 de mayo del 2020','07:36:25 PM','EFECTIVO','FINALIZADA','PAGO:$500 CAMBIO:$ 340.00'),(225,'35.00','ADMINISTRADOR','19 de mayo del 2020','08:05:18 PM','EFECTIVO','FINALIZADA','PAGO:$50 CAMBIO:$ 15.00'),(226,'20.00','ADMINISTRADOR','20 de mayo del 2020','07:00:47 PM','EFECTIVO','FINALIZADA','PAGO:$20 CAMBIO:$ 0.00'),(227,'148.00','ADMINISTRADOR','20 de mayo del 2020','07:04:26 PM','EFECTIVO','FINALIZADA','PAGO:$200 CAMBIO:$ 52.00'),(228,'8.00','ADMINISTRADOR','20 de mayo del 2020','07:05:00 PM','EFECTIVO','FINALIZADA','PAGO:$20 CAMBIO:$ 12.00'),(229,'5.00','ADMINISTRADOR','20 de mayo del 2020','07:06:49 PM','EFECTIVO','FINALIZADA','PAGO:$10 CAMBIO:$ 5.00'),(230,'1575.00','ADMINISTRADOR','20 de mayo del 2020','07:11:03 PM','EFECTIVO','FINALIZADA','PAGO:$1600 CAMBIO:$ 25.00'),(231,'10.00','ADMINISTRADOR','20 de mayo del 2020','08:10:41 PM','EFECTIVO','FINALIZADA','PAGO:$10 CAMBIO:$ 0.00'),(232,'80.50','ADMINISTRADOR','21 de mayo del 2020','06:40:50 PM','EFECTIVO','FINALIZADA','PAGO:$100 CAMBIO:$ 19.50'),(233,'240.50','ADMINISTRADOR','22 de mayo del 2020','05:13:26 PM','PAUSA','CANCELAR','NA'),(234,'36.00','ADMINISTRADOR','22 de mayo del 2020','06:41:26 PM','PAUSA','CANCELAR','NA'),(235,'519.00','ADMINISTRADOR','23 de mayo del 2020','09:17:04 PM','EFECTIVO','CANCELADA','PAGO:$600 CAMBIO:$ 81.00'),(236,'247.00','ADMINISTRADOR','25 de mayo del 2020','11:20:56 PM','EFECTIVO','FINALIZADA','PAGO:$500 CAMBIO:$ 253.00'),(237,'4.43','ADMINISTRADOR','26 de mayo del 2020','10:15:57 AM','EFECTIVO','FINALIZADA','NA'),(238,'178.00','ADMINISTRADOR','26 de mayo del 2020','04:43:09 PM','EFECTIVO','FINALIZADA','NA'),(239,'140.76','ADMINISTRADOR','26 de mayo del 2020','06:58:13 PM','TARJETA','FINALIZADA','PAGO:$140 CAMBIO:$ 4.00'),(240,'170.00','ADMINISTRADOR','26 de mayo del 2020','07:10:33 PM','EFECTIVO','FINALIZADA','PAGO:$200 CAMBIO:$ 30.00'),(241,'92.00','ADMINISTRADOR','26 de mayo del 2020','07:24:20 PM','EFECTIVO','FINALIZADA','PAGO:$100 CAMBIO:$ 8.00'),(242,'7.00','ADMINISTRADOR','26 de mayo del 2020','07:33:39 PM','EFECTIVO','FINALIZADA','PAGO:$200 CAMBIO:$ 193.00'),(243,'8.00','ADMINISTRADOR','26 de mayo del 2020','07:50:56 PM','EFECTIVO','FINALIZADA','PAGO:$10 CAMBIO:$ 2.00'),(244,'73.95','ADMINISTRADOR','26 de mayo del 2020','08:05:50 PM','TARJETA','FINALIZADA','PAGO:$100 CAMBIO:$ 27.80'),(245,'12.00','ADMINISTRADOR','28 de mayo del 2020','07:02:07 PM','EFECTIVO','FINALIZADA','NA'),(246,'96.00','ADMINISTRADOR','28 de mayo del 2020','07:15:35 PM','EFECTIVO','FINALIZADA','PAGO:$100 CAMBIO:$ 4.00'),(247,'36.00','ADMINISTRADOR','28 de mayo del 2020','07:45:17 PM','EFECTIVO','FINALIZADA','PAGO:$100 CAMBIO:$ 64.00'),(248,'20.00','ADMINISTRADOR','28 de mayo del 2020','07:59:20 PM','EFECTIVO','FINALIZADA','PAGO:$50 CAMBIO:$ 30.00'),(249,'256.00','ADMINISTRADOR','28 de mayo del 2020','08:19:22 PM','EFECTIVO','FINALIZADA','PAGO:$400 CAMBIO:$ 144.00'),(250,'12.00','ADMINISTRADOR','28 de mayo del 2020','10:01:56 PM','PAUSA','PAUSA','NA'),(251,'5.00','ADMINISTRADOR','07 de junio del 2020','12:47:40 PM','EFECTIVO','FINALIZADA','NA'),(252,NULL,NULL,NULL,NULL,NULL,'PROCESO','NA');
/*!40000 ALTER TABLE `venta` ENABLE KEYS */;
UNLOCK TABLES;

--
-- Table structure for table `ventas`
--

DROP TABLE IF EXISTS `ventas`;
/*!40101 SET @saved_cs_client     = @@character_set_client */;
/*!40101 SET character_set_client = utf8 */;
CREATE TABLE `ventas` (
  `id_ventas` int(11) NOT NULL AUTO_INCREMENT,
  `ventas_venta` varchar(6) NOT NULL,
  `ventas_productoid` varchar(16) NOT NULL,
  `cantidad_ventas` varchar(6) NOT NULL,
  `ventas_productonombre` varchar(50) NOT NULL,
  `ventas_precio` varchar(8) NOT NULL,
  `ventas_importe` varchar(15) NOT NULL,
  `ventas_categoria` varchar(50) NOT NULL,
  PRIMARY KEY (`id_ventas`)
) ENGINE=InnoDB AUTO_INCREMENT=781 DEFAULT CHARSET=utf8mb4;
/*!40101 SET character_set_client = @saved_cs_client */;

--
-- Dumping data for table `ventas`
--

LOCK TABLES `ventas` WRITE;
/*!40000 ALTER TABLE `ventas` DISABLE KEYS */;
INSERT INTO `ventas` (`id_ventas`, `ventas_venta`, `ventas_productoid`, `cantidad_ventas`, `ventas_productonombre`, `ventas_precio`, `ventas_importe`, `ventas_categoria`) VALUES (583,'','7501055300594','1',' COCA-COLA R 1.5L','00.00','00.00','UNITARIO'),(586,'1','7501055304653','1','DELAWARE PUNCH 600ML','13.50','13.50','UNITARIO'),(587,'200','7501055304653','1','DELAWARE PUNCH 600ML','13.50','13.50','UNITARIO'),(588,'201','7501055304653','1','DELAWARE PUNCH 600ML','13.50','13.50','UNITARIO'),(589,'202','7501055304653','1','DELAWARE PUNCH 600ML','13.50','13.50','UNITARIO'),(590,'203','7501055304653','1','DELAWARE PUNCH 600ML','13.50','13.50','UNITARIO'),(593,'204','7501055304653','1','DELAWARE PUNCH 600ML','13.50','13.50','UNITARIO'),(594,'204','7501003339454','1','MC CO. TE HIER BU 25PZ','26.00','26.00','UNITARIO'),(595,'205','7501055304653','1','DELAWARE PUNCH 600ML','13.50','13.50','UNITARIO'),(597,'207','7501943433359','1','ABSORSEC CHI 40PZ','105.00','105.00','UNITARIO'),(598,'208','7501059289802','1','FITNNESS FRUT 350 G','40.00','40.00','UNITARIO'),(599,'209','7502247338845','1','ROLLO SUELTO','9.00','9.00','UNITARIO'),(603,'210','0100955278187505','1','0100955278187505','1.00','1.00','UNITARIO'),(604,'210','7802800719310','1','ZUKO NARANJA','5.00','5.00','UNITARIO'),(605,'210','7802800719440','1','ZUKO GUAYABA','5.00','5.00','UNITARIO'),(606,'211','7501000912612','1','NESCAFE 28G.','16.00','16.00','UNITARIO'),(607,'211','7501058629166','1','CAPPUCCINO MOKA ','7.00','7.00','UNITARIO'),(608,'211','7502221790010','1','ENCENDEDOR GIL','7.00','7.00','UNITARIO'),(609,'211','7802800719518','1','ZUKO SANDIA','5.00','5.00','UNITARIO'),(610,'212','7501035919129','1','PALMOLIVE SHAM 400ML ','42','42','UNITARIO'),(611,'213','75001322','1','MARLBORO ROJO 20','63.00','63.00','UNITARIO'),(612,'214','75068844','1','MARLBORO BLANCO 14','47.00','47.00','UNITARIO'),(613,'214','75063726','1','CHESTERFIELD ORIGINAL 20','50.00','50.00','UNITARIO'),(614,'214','COMICION','1','5.0%Tarjeta$97.0','4.85','4.85','SERVICIO'),(615,'215','7501000912612','1','NESCAFE 28G.','16.00','16.00','UNITARIO'),(616,'215','7501058629142','1','CAPPUCCINO VAINILLA','7.00','7.00','UNITARIO'),(617,'215','7506205802355','1','CHOCO MILK 22G.','5.00','5.00','UNITARIO'),(618,'215','7501432001106','1','CHOCOLATE REY AMARGO','23.00','0.0230','AGRANEL'),(619,'216','7501432001106','1','CHOCOLATE REY AMARGO','23.00','23.00','UNITARIO'),(620,'217','7501000912612','1','NESCAFE 28G.','16.00','16.00','UNITARIO'),(621,'217','7501058629166','1','CAPPUCCINO MOKA ','7.00','7.00','UNITARIO'),(622,'218','7501000912612','1','NESCAFE 28G.','16.00','16.00','UNITARIO'),(623,'218','7501058629142','1','CAPPUCCINO VAINILLA','7.00','7.00','UNITARIO'),(624,'218','7501432001106','1','CHOCOLATE REY AMARGO','23.00','23.00','UNITARIO'),(625,'218','COMICION','1','5.0%Tarjeta$46.0','2.3','2.3','SERVICIO'),(626,'219','75055530','1','SHAMPOO SEDAL 15G.','2.50','2.50','UNITARIO'),(627,'219','7502224510165','1','SILICA SEDA PURE UVA 30ML','1700.00','1700.00','UNITARIO'),(628,'219','7506192505475','1','SAVILE BIOTINA 24 ML','250.00','250.00','UNITARIO'),(629,'220','7501041941930','1','SAL DE UVAS PICOT 5G','3.00','3.00','UNITARIO'),(630,'220','7501032398255','1','ACTIVIA CIRUELA PASAS 225G','11.00','11.00','UNITARIO'),(631,'220','757528039196','1','PASITAS RICOLINO 50G','10.00','10.00','UNITARIO'),(632,'220','80741244','1','HUEVO KINDER S 20G','20.00','20.00','UNITARIO'),(633,'220','7622210464774','1','TRIDENT XTRA CARE 16,32G','7.00','7.00','UNITARIO'),(634,'220','7501058623324','1','CARLOS V STICK 8G','2.00','2.00','UNITARIO'),(635,'220','757528039080','1','DULCI GOMAS 59,5G','10.00','10.00','UNITARIO'),(636,'220','757528039097','1','GOMILOCAS DIENTES 55G','10.00','10.00','UNITARIO'),(637,'220','757528039240','1','ALMENDRAS RICOLINO 30G','10.00','10.00','UNITARIO'),(638,'221','757528039240','2','ALMENDRAS RICOLINO 30G','10.00','20.00','UNITARIO'),(639,'222','7502224510165','1','SILICA SEDA PURE UVA 30ML','17.00','17.00','UNITARIO'),(640,'222','757528039196','1','PASITAS RICOLINO 50G','10.00','10.00','UNITARIO'),(641,'222','757528039240','1','ALMENDRAS RICOLINO 30G','10.00','10.00','UNITARIO'),(642,'222','757528039097','1','GOMILOCAS DIENTES 55G','10.00','10.00','UNITARIO'),(643,'222','757528039080','1','DULCI GOMAS 59,5G','10.00','10.00','UNITARIO'),(644,'222','7622210461742','1','CHICLE TRIDENT YERB 10,2G','6.00','6.00','UNITARIO'),(645,'222','75067717','1','CHICLE TRIDENT YERB 6.5G','2.00','2.00','UNITARIO'),(646,'222','75045654','1','TRIDENT FRESA 5,2G','2.00','2.00','UNITARIO'),(647,'222','75045685','1','TRIDENT MORA 5,2G','2.00','2.00','UNITARIO'),(648,'222','7502226815145','1','LUCAS PANZON 38G','6.00','6.00','UNITARIO'),(649,'222','7501056903190','3','BUBBALOO PIK FUEGO 20,5G','4.00','12.00','UNITARIO'),(650,'223','75046545','1','LUCKY STRIKE ORIGINAL 25','63.00','63.00','UNITARIO'),(651,'224','75071295','2','PALL MALL MENTHOL 20','55.00','110.00','UNITARIO'),(652,'224','75027803','1','PALL MALL EXACTO 20','50.00','50.00','UNITARIO'),(653,'225','COMIDA AGRANEL','500','LONGANIZA','70.00','35.00','AGRANEL'),(654,'226','757528039110','1','KRANKY 50G','10.00','10.00','UNITARIO'),(655,'226','724869004060','1','CHOCOLATE ALMENDRAS D L R 21G','4.00','4.00','UNITARIO'),(656,'226','7622210267863','1','HALLS MIEL 25,2G','6.00','6.00','UNITARIO'),(657,'227','7501058638083','1','CARLOS V 18G','9.00','9.00','UNITARIO'),(658,'227','7501058623324','1','CARLOS V STICK 8G','2.00','2.00','UNITARIO'),(659,'227','719886211713','1','PELON PELO RICO 30G','6.00','6.00','UNITARIO'),(660,'227','7502226815145','1','LUCAS PANZON 38G','6.00','6.00','UNITARIO'),(661,'227','75064778','1','PALL MALL EXACTO 25','55.00','55.00','UNITARIO'),(662,'227','75053765','1','MARLBORO REPOSADO 20','56.00','56.00','UNITARIO'),(663,'227','COMIDA AGRANEL','200','LONGANIZA','70.00','14.00','AGRANEL'),(664,'228','7441005013313','1','PANASONIC AA','8.00','8.00','UNITARIO'),(665,'229','7802800719457','1','ZUKO GUANABANA','5.00','5.00','UNITARIO'),(666,'230','75001322','25','MARLBORO ROJO 20','63.00','1575.00','UNITARIO'),(667,'231','7501005180306','5','KNORS SUIZA CUBO10.5G','2.00','10.00','UNITARIO'),(668,'232','75019860','1','CHICLETS YERBABUENA 2,8G ','1.00','1.00','UNITARIO'),(669,'232','757528039134','2','PANDITAS CLASICOS 52,5G','10.00','20.00','UNITARIO'),(670,'232','7500478003457','1','INSPIREKA ARENA 30G ','15.00','15.00','UNITARIO'),(671,'232','7501011177239','5','GUDU CUBOS 18G ','6.00','30.00','UNITARIO'),(672,'232','7501005180306','1','KNORS SUIZA CUBO10.5G','2.00','2.00','UNITARIO'),(673,'232','75055530','1','SHAMPOO SEDAL 15G.','2.50','2.50','UNITARIO'),(674,'232','7622210253507','1','TANG LIMON 15G ','5.00','5.00','UNITARIO'),(675,'232','7622210253323','1','TANG NARANJA 15G ','5.00','5.00','UNITARIO'),(676,'233','7622210253507','1','TANG LIMON 15G ','5.00','5.00','UNITARIO'),(677,'233','7622210255341','1','TANG PINA COLADA 15G ','5.00','5.00','UNITARIO'),(678,'233','7501000278404','1','PALETA PAYASO 45G','10.00','10.00','UNITARIO'),(679,'233','7622210253583','1','TANG HORCHATA 15G ','5.00','5.00','UNITARIO'),(680,'233','7622210253323','1','TANG NARANJA 15G ','5.00','5.00','UNITARIO'),(681,'233','7622210255648','1','TANG TAMARINDO 15G ','5.00','5.00','UNITARIO'),(682,'233','7622210254511','1','TANG FRESA 15 G ','5.00','5.00','UNITARIO'),(683,'233','80741244','1','HUEVO KINDER S 20G','20.00','20.00','UNITARIO'),(684,'233','7506192507462','1','SABIFRUT ORIGINAL','5.00','5.00','UNITARIO'),(685,'233','75055530','1','SHAMPOO SEDAL 15G.','2.50','2.50','UNITARIO'),(686,'233','7506192505475','1','SAVILE BIOTINA 24 ML','2.50','2.50','UNITARIO'),(687,'233','7506192503433','1','SHAMPOO SAVILE KERATINA 24 ML','2.50','2.50','UNITARIO'),(688,'233','7502224510165','1','SILICA SEDA PURE UVA 30ML','17.00','17.00','UNITARIO'),(689,'233','7501005180306','1','KNORS SUIZA CUBO10.5G','2.00','2.00','UNITARIO'),(690,'233','7501432001106','1','CHOCOLATE REY AMARGO','23.00','23.00','UNITARIO'),(691,'233','7506205802355','1','CHOCO MILK 22G.','5.00','5.00','UNITARIO'),(692,'233','7501000911790','1','NESCAFE DECAF 14G','10.00','10.00','UNITARIO'),(693,'233','7501000912612','1','NESCAFE 28G.','16.00','16.00','UNITARIO'),(694,'233','7501058629166','1','CAPPUCCINO MOKA ','7.00','7.00','UNITARIO'),(695,'233','7501058629142','1','CAPPUCCINO VAINILLA','7.00','7.00','UNITARIO'),(696,'233','7501058629128','1','CAPPUCCINO ORIGINAL','7.00','7.00','UNITARIO'),(697,'233','7501181419511','1','CAFE CORDOBA','5.00','5.00','UNITARIO'),(698,'233','7501052410111','1','CAFE LEGAL','7.00','7.00','UNITARIO'),(699,'233','7501553904935','1','VELA ROSA PARA PASTEL 24PZ','17.00','17.00','UNITARIO'),(700,'233','7504482369561','6','7504482369561','7.50','45.00','UNITARIO'),(701,'234','7504482369561','1','VELA MAGICA NUMERO','12.00','12.00','UNITARIO'),(702,'234','7506396116385','1','VELA PAYASO NUMERO','12.00','12.00','UNITARIO'),(703,'234','7501553905598','1','VELA PARA PASTEL NUMERO','12.00','12.00','UNITARIO'),(704,'235','7713042188690','1','ENCENDEDOR PUCC','10.00','10.00','UNITARIO'),(705,'235','7501058368126','1','SICO SENSITIVE','46.00','46.00','UNITARIO'),(706,'235','7501058799661','1','SICO PLAY','43.00','43.00','UNITARIO'),(707,'235','7507736437658','1','PREMIER SECURITE','20.00','20.00','UNITARIO'),(708,'235','7802800719396','2','ZUKO MANZANA','5.00','10.00','UNITARIO'),(709,'235','7802800719334','1','ZUKO HORCHATA','5.00','5.00','UNITARIO'),(710,'235','7802800727858','1','ZUKO PIÑADA','5.00','5.00','UNITARIO'),(711,'235','7802800719488','1','ZUKO COCO','5.00','5.00','UNITARIO'),(712,'235','7802800719310','2','ZUKO NARANJA','5.00','10.00','UNITARIO'),(713,'235','7802800719518','1','ZUKO SANDIA','5.00','5.00','UNITARIO'),(714,'235','7802800719440','1','ZUKO GUAYABA','5.00','5.00','UNITARIO'),(715,'235','7802800719457','1','ZUKO GUANABANA','5.00','5.00','UNITARIO'),(716,'235','7802800719365','1','ZUKO PIÑA','5.00','5.00','UNITARIO'),(717,'235','7802800719372','1','ZUKO JAMAICA','5.00','5.00','UNITARIO'),(718,'235','7802800719327','1','ZUKO DURAZNO','5.00','5.00','UNITARIO'),(719,'235','7802800719341','1','ZUKO FRESA','5.00','5.00','UNITARIO'),(720,'235','7802800719426','1','ZUKO TAMARINDO','5.00','5.00','UNITARIO'),(721,'235','7622210255341','1','TANG PINA COLADA 15G ','5.00','5.00','UNITARIO'),(722,'235','7802800719464','1','ZUKO UVA','5.00','5.00','UNITARIO'),(723,'235','7802800719419','1','ZUKO MANGO','5.00','5.00','UNITARIO'),(724,'235','7501061810032','2','HILO DENTAL ','21.00','42.00','UNITARIO'),(725,'235','8888021206081','2','ENERGIZER AAA','14.00','28.00','UNITARIO'),(726,'235','7441005014419','1','PANASONIC AAA','8.50','8.50','UNITARIO'),(727,'235','041333666426','1','DURACELL AA','14.00','14.00','UNITARIO'),(728,'235','041333428482','2','DURACELL AAA','16.00','32.00','UNITARIO'),(729,'235','7441005013313','1','PANASONIC AA','8.00','8.00','UNITARIO'),(730,'235','7441005019117','1','PANASONIC 9 V','46.00','46.00','UNITARIO'),(731,'235','7441005011326','1','PANASONIC D','15.50','15.50','UNITARIO'),(732,'235','7502221790010','1','ENCENDEDOR GIL','7.00','7.00','UNITARIO'),(733,'235','7501035010260','1','VIU SANCHEZ 1L','67','67.00','UNITARIO'),(734,'235','75049232','1','MI ARROZ ROJO 17G ','5.00','5.00','UNITARIO'),(735,'235','75049256','1','MI ARROZ BCO 12G ','5.00','5.00','UNITARIO'),(736,'235','7501041941930','1','SAL DE UVAS PICOT 5G','3.00','3.00','UNITARIO'),(737,'235','75036508','1','SPEED STICK XTREME 24/7 30ML ','12.00','12.00','UNITARIO'),(738,'235','42210788','1','NIVEA CREMA MILK 75G ','17.00','17.00','UNITARIO'),(739,'236','7501011101456','19','SABRITAS ORIGINAL 45G','00.00','247.00','UNITARIO'),(740,'237','7501000142804','1','7501000142804','4.43','4.43','UNITARIO'),(741,'238','7501032900168','4','7501032900168','7.50','68.00','UNITARIO'),(742,'238','75064754','2','MONTANA SHOTS 25','55.00','110.00','UNITARIO'),(743,'239','7501032900168','1','RAIDOLITOS 12 PZ','17.00','17.00','UNITARIO'),(744,'239','744293160361','1','TONAYAN AMARILLO 960ML','28.00','28.00','UNITARIO'),(745,'239','75052836','1','PALL MALL TOKYO 20','56.00','56.00','UNITARIO'),(746,'239','7501027513601','2','BIBERON EVENFLO 3-12M','17.50','35.00','UNITARIO'),(747,'239','COMICION','1','3.5%Tarjeta$136.0','4.76','4.76','SERVICIO'),(748,'240','7622210427106','1','HALLS MENTOL EUCALIPTO 25,2G','6.00','6.00','UNITARIO'),(749,'240','80050315','1','KINDER CHOCOLATE 12,5G','5.00','5.00','UNITARIO'),(750,'240','7622210461742','1','CHICLE TRIDENT YERB 10,2G','6.00','6.00','UNITARIO'),(751,'240','80741244','1','HUEVO KINDER S 20G','20.00','20.00','UNITARIO'),(752,'240','75036508','1','SPEED STICK XTREME 24/7 30ML ','12.00','12.00','UNITARIO'),(753,'240','7516095923023','1','DON BRONQUIO 220G ','25.00','25.00','UNITARIO'),(754,'240','75064761','1','PALL MALL EXACTO 15','37.00','37.00','UNITARIO'),(755,'240','7506105606053','1','TRIDENT MENTA 30,6G ','13.00','13.00','UNITARIO'),(756,'240','7501000912612','1','NESCAFE 28G.','16.00','16.00','UNITARIO'),(757,'240','7502221790010','1','ENCENDEDOR GIL','7.00','7.00','UNITARIO'),(758,'240','7501432001106','1','CHOCOLATE REY AMARGO','23.00','23.00','UNITARIO'),(759,'241','7516095923023','1','DON BRONQUIO 220G ','25.00','25.00','UNITARIO'),(760,'241','GASAS','11','GASA','1.00','11.00','UNITARIO'),(761,'241','025046150137','1','BOCADIN 10,5G ','2.00','2.00','UNITARIO'),(762,'241','7501058623348','1','CARLOS V 20 PIEZAS','26.00','26.00','UNITARIO'),(763,'241','MEDICINA','7','BIO ELECTRO','4.00','28.00','UNITARIO'),(764,'242','7501432001106','0','CHOCOLATE REY AMARGO','23.00','0.00','UNITARIO'),(765,'242','7501058629128','1','CAPPUCCINO ORIGINAL','7.00','7.00','UNITARIO'),(766,'243','PAN','1','VIROTE NOCHE','8.00','8.00','UNITARIO'),(767,'244','VERDURA Y FRUTA','800','MANZANA','59.00','47.20','AGRANEL'),(768,'244','7501000153800','1','PINGUINOS 80G','15.00','15.00','UNITARIO'),(769,'244','7501055310968','1','COCA-COLA NR 450ML','10.00','10.00','UNITARIO'),(770,'244','COMICION','1','3.5%Tarjeta$50.0','1.75','1.75','SERVICIO'),(771,'245','7501011123588','1','DORITOS NACHO 61G','12.00','12.00','UNITARIO'),(772,'246','7501000189212','2','TORTILLINAS DH 10PZ','00.00','0.00','UNITARIO'),(773,'246','7501000912612','6','NESCAFE 28G.','16.00','96.00','UNITARIO'),(774,'247','VERDURA Y FRUTA','360','VERDURA Y FRUTA','100.00','36.00','AGRANEL'),(775,'248','VERDURA Y FRUTA','200','VERDURA Y FRUTA','100.00','20.00','AGRANEL'),(776,'249','7501000111602','8','BIMBOLLOS 8PZ 450G','32.00','256.00','UNITARIO'),(777,'250','7501011123588','1','DORITOS NACHO 61G','12.00','12.00','UNITARIO'),(778,'251','24142012134','1',' CREMENA ATOLE 47G','5.00','5.00','UNITARIO');
/*!40000 ALTER TABLE `ventas` ENABLE KEYS */;
UNLOCK TABLES;
/*!40103 SET TIME_ZONE=@OLD_TIME_ZONE */;

/*!40101 SET SQL_MODE=@OLD_SQL_MODE */;
/*!40014 SET FOREIGN_KEY_CHECKS=@OLD_FOREIGN_KEY_CHECKS */;
/*!40014 SET UNIQUE_CHECKS=@OLD_UNIQUE_CHECKS */;
/*!40101 SET CHARACTER_SET_CLIENT=@OLD_CHARACTER_SET_CLIENT */;
/*!40101 SET CHARACTER_SET_RESULTS=@OLD_CHARACTER_SET_RESULTS */;
/*!40101 SET COLLATION_CONNECTION=@OLD_COLLATION_CONNECTION */;
/*!40111 SET SQL_NOTES=@OLD_SQL_NOTES */;

-- Dump completed on 2020-06-23 19:54:02
